uniprot_id,gene,description,in_hpa_muscle,reason
P02042,HBD,Hemoglobin subunit delta,FALSE,Not in HPA muscle
P00915,CA1,Carbonic anhydrase 1,FALSE,Not in HPA muscle
P02647,APOA1,Apolipoprotein A-I,FALSE,Not in HPA muscle
Q96A32,MYLPF,"Myosin regulatory light chain 2, skeletal muscle isoform",FALSE,Not in HPA muscle
P02652,APOA2,Apolipoprotein A-II,FALSE,Not in HPA muscle
P69891,HBG1,Hemoglobin subunit gamma-1,FALSE,Not in HPA muscle
P02790,HPX,Hemopexin,FALSE,Not in HPA muscle
P02730,SLC4A1,Band 3 anion transport protein,FALSE,Not in HPA muscle
Q9NWX5,ASB6,Ankyrin repeat and SOCS box protein 6,TRUE,Missingness
P02689,PMP2,Myelin P2 protein,FALSE,Not in HPA muscle
P25189,MPZ,Myelin protein P0,TRUE,Missingness
P19652,ORM2,Alpha-1-acid glycoprotein 2,FALSE,Not in HPA muscle
P02765,AHSG,Alpha-2-HS-glycoprotein,FALSE,Not in HPA muscle
P12532,CKMT1A,"Creatine kinase U-type, mitochondrial",FALSE,Not in HPA muscle
Q9NZT1,CALML5,Calmodulin-like protein 5,TRUE,Missingness
P02774,GC,Vitamin D-binding protein,FALSE,Not in HPA muscle
Q6FI13,HIST2H2AA3,Histone H2A type 2-A,FALSE,Not in HPA muscle
P02656,APOC3,Apolipoprotein C-III,FALSE,Not in HPA muscle
Q9BXM0,PRX,Periaxin,TRUE,Missingness
P62805,H4C1,Histone H4,FALSE,Not in HPA muscle
A0A0B4J2D5,GATD3B,"Glutamine amidotransferase-like class 1 domain-containing protein 3B, mitochondrial",FALSE,Not in HPA muscle
P02686,MBP,Myelin basic protein,TRUE,Missingness
A0A087WW87,IGKV2-40,Immunoglobulin kappa variable 2-40,FALSE,Not in HPA muscle
P02679,FGG,Fibrinogen gamma chain,FALSE,Not in HPA muscle
P02671,FGA,Fibrinogen alpha chain,FALSE,Not in HPA muscle
P06727,APOA4,Apolipoprotein A-IV,FALSE,Not in HPA muscle
A0A0B4J1Y9,IGHV3-72,Immunoglobulin heavy variable 3-72,FALSE,Not in HPA muscle
Q15847,ADIRF,Adipogenesis regulatory factor,TRUE,Missingness
P02749,APOH,Beta-2-glycoprotein 1,FALSE,Not in HPA muscle
P01042,KNG1,Kininogen-1,FALSE,Not in HPA muscle
B9A064,IGLL5,Immunoglobulin lambda-like polypeptide 5,FALSE,Not in HPA muscle
P0C0L5,C4B,Complement C4-B,FALSE,Not in HPA muscle
Q9Y2H6,FNDC3A,Fibronectin type-III domain-containing protein 3A,TRUE,Missingness
Q96IX5,ATP5MD,"ATP synthase membrane subunit DAPIT, mitochondrial",FALSE,Not in HPA muscle
P04004,VTN,Vitronectin,FALSE,Not in HPA muscle
P04217,A1BG,Alpha-1B-glycoprotein,FALSE,Not in HPA muscle
P49747,COMP,Cartilage oligomeric matrix protein,TRUE,Missingness
P31151,S100A7,Protein S100-A7,FALSE,Not in HPA muscle
P35232,PHB,Prohibitin,FALSE,Not in HPA muscle
P10412,H1-4,Histone H1.4,FALSE,Not in HPA muscle
P00747,PLG,Plasminogen,FALSE,Not in HPA muscle
P68032,ACTC1,"Actin, alpha cardiac muscle 1",TRUE,Missingness
P04271,S100B,Protein S100-B,TRUE,Missingness
P01008,SERPINC1,Antithrombin-III,FALSE,Not in HPA muscle
P01861,IGHG4,Immunoglobulin heavy constant gamma 4,FALSE,Not in HPA muscle
P23141,CES1,Liver carboxylesterase 1,TRUE,Missingness
P04114,APOB,Apolipoprotein B-100,FALSE,Not in HPA muscle
A0A0B4J1X5,IGHV3-74,Immunoglobulin heavy variable 3-74,FALSE,Not in HPA muscle
P02654,APOC1,Apolipoprotein C-I,TRUE,Missingness
P02743,APCS,Serum amyloid P-component,FALSE,Not in HPA muscle
Q14894,CRYM,Ketimine reductase mu-crystallin,TRUE,Missingness
P02675,FGB,Fibrinogen beta chain,FALSE,Not in HPA muscle
P14555,PLA2G2A,"Phospholipase A2, membrane associated",TRUE,Missingness
P02549,SPTA1,"Spectrin alpha chain, erythrocytic 1",FALSE,Not in HPA muscle
P00734,F2,Prothrombin,FALSE,Not in HPA muscle
Q06828,FMOD,Fibromodulin,TRUE,Missingness
P19823,ITIH2,Inter-alpha-trypsin inhibitor heavy chain H2,FALSE,Not in HPA muscle
P19827,ITIH1,Inter-alpha-trypsin inhibitor heavy chain H1,FALSE,Not in HPA muscle
P50238,CRIP1,Cysteine-rich protein 1,TRUE,Missingness
P0CG38,POTEI,POTE ankyrin domain family member I,FALSE,Not in HPA muscle
P02760,AMBP,Protein AMBP,FALSE,Not in HPA muscle
Q9NZD4,AHSP,Alpha-hemoglobin-stabilizing protein,FALSE,Not in HPA muscle
P08727,KRT19,"Keratin, type I cytoskeletal 19",TRUE,Missingness
P31944,CASP14,Caspase-14,TRUE,Missingness
A0A087WSY6,IGKV3D-15,Immunoglobulin kappa variable 3D-15,FALSE,Not in HPA muscle
P18577,RHCE,Blood group Rh(CE) polypeptide,TRUE,Missingness
Q6P4A7,SFXN4,Sideroflexin-4,TRUE,Missingness
Q5VVW2,GARNL3,GTPase-activating Rap/Ran-GAP domain-like protein 3,TRUE,Missingness
P06312,IGKV4-1,Immunoglobulin kappa variable 4-1,TRUE,Missingness
Q8IYJ1,CPNE9,Copine-9,FALSE,Not in HPA muscle
P04003,C4BPA,C4b-binding protein alpha chain,FALSE,Not in HPA muscle
Q16778,HIST2H2BE,Histone H2B type 2-E,FALSE,Not in HPA muscle
P04196,HRG,Histidine-rich glycoprotein,FALSE,Not in HPA muscle
P49207,RPL34,60S ribosomal protein L34,TRUE,Missingness
Q8IXB3,TRARG1,Trafficking regulator of GLUT4 1,TRUE,Missingness
P02452,COL1A1,Collagen alpha-1(I) chain,TRUE,Missingness
O15260,SURF4,Surfeit locus protein 4,TRUE,Missingness
P06331,IGHV4-34,Immunoglobulin heavy variable 4-34,FALSE,Not in HPA muscle
P35443,THBS4,Thrombospondin-4,TRUE,Missingness
P30613,PKLR,Pyruvate kinase PKLR,FALSE,Not in HPA muscle
O15273,TCAP,Telethonin,TRUE,Missingness
P05787,KRT8,"Keratin, type II cytoskeletal 8",TRUE,Missingness
Q08043,ACTN3,Alpha-actinin-3,TRUE,Missingness
P01743,IGHV1-46,Immunoglobulin heavy variable 1-46,FALSE,Not in HPA muscle
A0A0J9YX35,IGHV3-64D,Immunoglobulin heavy variable 3-64D,FALSE,Not in HPA muscle
P55008,AIF1,Allograft inflammatory factor 1,TRUE,Missingness
P49327,FASN,Fatty acid synthase,TRUE,Missingness
P35527,KRT9,"Keratin, type I cytoskeletal 9",FALSE,Not in HPA muscle
Q7Z6K5,ARPIN,Arpin,TRUE,Missingness
P05546,SERPIND1,Heparin cofactor 2,FALSE,Not in HPA muscle
P02745,C1QA,Complement C1q subcomponent subunit A,TRUE,Missingness
P30711,GSTT1,Glutathione S-transferase theta-1,FALSE,Not in HPA muscle
P16452,EPB42,Erythrocyte membrane protein band 4.2,FALSE,Not in HPA muscle
P08123,COL1A2,Collagen alpha-2(I) chain,TRUE,Missingness
P01701,IGLV1-51,Immunoglobulin lambda variable 1-51,TRUE,Missingness
P50914,RPL14,60S ribosomal protein L14,TRUE,Missingness
Q99972,MYOC,Myocilin,TRUE,Missingness
P59768,GNG2,Guanine nucleotide-binding protein G(I)/G(S)/G(O) subunit gamma-2,TRUE,Missingness
P55083,MFAP4,Microfibril-associated glycoprotein 4,TRUE,Missingness
P02775,PPBP,Platelet basic protein,TRUE,Missingness
O75558,STX11,Syntaxin-11,TRUE,Missingness
P02748,C9,Complement component C9,FALSE,Not in HPA muscle
P50454,SERPINH1,Serpin H1,TRUE,Missingness
P10620,MGST1,Microsomal glutathione S-transferase 1,TRUE,Missingness
Q92736,RYR2,Ryanodine receptor 2,FALSE,Not in HPA muscle
P56539,CAV3,Caveolin-3,TRUE,Missingness
P01877,IGHA2,Immunoglobulin heavy constant alpha 2,TRUE,Missingness
Q92743,HTRA1,Serine protease HTRA1,TRUE,Missingness
Q16363,LAMA4,Laminin subunit alpha-4,TRUE,Missingness
A0A0C4DH68,IGKV2-24,Immunoglobulin kappa variable 2-24,FALSE,Not in HPA muscle
P01768,IGHV3-30,Immunoglobulin heavy variable 3-30,FALSE,Not in HPA muscle
P51911,CNN1,Calponin-1,TRUE,Missingness
Q969G5,CAVIN3,Caveolae-associated protein 3,TRUE,Missingness
P22676,CALB2,Calretinin,FALSE,Not in HPA muscle
P00746,CFD,Complement factor D,TRUE,Missingness
Q07507,DPT,Dermatopontin,TRUE,Missingness
O75339,CILP,Cartilage intermediate layer protein 1,TRUE,Missingness
P43652,AFM,Afamin,FALSE,Not in HPA muscle
P43121,MCAM,Cell surface glycoprotein MUC18,TRUE,Missingness
P00739,HPR,Haptoglobin-related protein,TRUE,Missingness
P18428,LBP,Lipopolysaccharide-binding protein,TRUE,Missingness
Q7RTS7,KRT74,"Keratin, type II cytoskeletal 74",FALSE,Not in HPA muscle
A2NJV5,IGKV2-29,Immunoglobulin kappa variable 2-29,FALSE,Not in HPA muscle
P01602,IGKV1-5,Immunoglobulin kappa variable 1-5,FALSE,Not in HPA muscle
Q7Z5R6,APBB1IP,Amyloid beta A4 precursor protein-binding family B member 1-interacting protein,TRUE,Missingness
P00395,MT-CO1,Cytochrome c oxidase subunit 1,TRUE,Missingness
Q05469,LIPE,Hormone-sensitive lipase,TRUE,Missingness
P35542,SAA4,Serum amyloid A-4 protein,TRUE,Missingness
P01031,C5,Complement C5,FALSE,Not in HPA muscle
Q562R1,ACTBL2,Beta-actin-like protein 2,FALSE,Not in HPA muscle
Q9H2S6,TNMD,Tenomodulin,TRUE,Missingness
P04211,IGLV7-43,Immunoglobulin lambda variable 7-43,FALSE,Not in HPA muscle
P04259,KRT6B,"Keratin, type II cytoskeletal 6B",FALSE,Not in HPA muscle
A0A0C4DH43,IGHV2-70D,Immunoglobulin heavy variable 2-70D,FALSE,Not in HPA muscle
Q9NPC6,MYOZ2,Myozenin-2,TRUE,Missingness
Q6DD88,ATL3,Atlastin-3,TRUE,Missingness
Q9Y2S6,TMA7,Translation machinery-associated protein 7,TRUE,Missingness
P60201,PLP1,Myelin proteolipid protein,TRUE,Missingness
P02776,PF4,Platelet factor 4,FALSE,Not in HPA muscle
A0A0C4DH25,IGKV3D-20,Immunoglobulin kappa variable 3D-20,FALSE,Not in HPA muscle
Q9BYC9,MRPL20,"39S ribosomal protein L20, mitochondrial",TRUE,Missingness
A0A0C4DH36,IGHV3-38,Probable non-functional immunoglobulin heavy variable 3-38,FALSE,Not in HPA muscle
P80748,IGLV3-21,Immunoglobulin lambda variable 3-21,FALSE,Not in HPA muscle
P27169,PON1,Serum paraoxonase/arylesterase 1,FALSE,Not in HPA muscle
O00244,ATOX1,Copper transport protein ATOX1,TRUE,Missingness
Q08431,MFGE8,Lactadherin,TRUE,Missingness
O43175,PHGDH,D-3-phosphoglycerate dehydrogenase,TRUE,Missingness
O95183,VAMP5,Vesicle-associated membrane protein 5,TRUE,Missingness
A0A075B6I0,IGLV8-61,Immunoglobulin lambda variable 8-61,FALSE,Not in HPA muscle
Q96AD5,PNPLA2,Patatin-like phospholipase domain-containing protein 2,TRUE,Missingness
Q05707,COL14A1,Collagen alpha-1(XIV) chain,TRUE,Missingness
P13611,VCAN,Versican core protein,TRUE,Missingness
Q9UKZ9,PCOLCE2,Procollagen C-endopeptidase enhancer 2,TRUE,Missingness
Q99715,COL12A1,Collagen alpha-1(XII) chain,TRUE,Missingness
Q96L96,ALPK3,Alpha-protein kinase 3,TRUE,Missingness
A0A0B4J1U7,IGHV6-1,Immunoglobulin heavy variable 6-1,FALSE,Not in HPA muscle
P08185,SERPINA6,Corticosteroid-binding globulin,FALSE,Not in HPA muscle
Q9NZQ9,TMOD4,Tropomodulin-4,TRUE,Missingness
P09871,C1S,Complement C1s subcomponent,TRUE,Missingness
Q8WW12,PCNP,PEST proteolytic signal-containing nuclear protein,TRUE,Missingness
O43294,TGFB1I1,Transforming growth factor beta-1-induced transcript 1 protein,TRUE,Missingness
P01700,IGLV1-47,Immunoglobulin lambda variable 1-47,FALSE,Not in HPA muscle
O60701,UGDH,UDP-glucose 6-dehydrogenase,TRUE,Missingness
P13671,C6,Complement component C6,FALSE,Not in HPA muscle
Q15063,POSTN,Periostin,TRUE,Missingness
Q9BSE5,AGMAT,"Agmatinase, mitochondrial",TRUE,Missingness
P04440,HLA-DPB1,"HLA class II histocompatibility antigen, DP beta 1 chain",TRUE,Missingness
O00767,SCD,Acyl-CoA desaturase,TRUE,Missingness
Q6PH85,DCUN1D2,DCN1-like protein 2,TRUE,Missingness
P81605,DCD,Dermcidin,TRUE,Missingness
Q8TDC0,MYOZ3,Myozenin-3,TRUE,Missingness
Q06278,AOX1,Aldehyde oxidase,TRUE,Missingness
P03952,KLKB1,Plasma kallikrein,TRUE,Missingness
P07205,PGK2,Phosphoglycerate kinase 2,FALSE,Not in HPA muscle
Q13630,TSTA3,GDP-L-fucose synthase,FALSE,Not in HPA muscle
A0A075B6K4,IGLV3-10,Immunoglobulin lambda variable 3-10,FALSE,Not in HPA muscle
Q6NUM9,RETSAT,"All-trans-retinol 13,14-reductase",TRUE,Missingness
P35580,MYH10,Myosin-10,TRUE,Missingness
A0A0C4DH31,IGHV1-18,Immunoglobulin heavy variable 1-18,FALSE,Not in HPA muscle
Q12765,SCRN1,Secernin-1,TRUE,Missingness
P42025,ACTR1B,Beta-centractin,TRUE,Missingness
Q969V3,NCLN,Nicalin,TRUE,Missingness
A0A0C4DH72,IGKV1-6,Immunoglobulin kappa variable 1-6,FALSE,Not in HPA muscle
A0A0C4DH38,IGHV5-51,Immunoglobulin heavy variable 5-51,FALSE,Not in HPA muscle
O43866,CD5L,CD5 antigen-like,FALSE,Not in HPA muscle
Q02221,COX6A2,"Cytochrome c oxidase subunit 6A2, mitochondrial",TRUE,Missingness
Q71U36,TUBA1A,Tubulin alpha-1A chain,TRUE,Missingness
P07357,C8A,Complement component C8 alpha chain,FALSE,Not in HPA muscle
Q9NUQ9,FAM49B,Protein FAM49B,FALSE,Not in HPA muscle
P29622,SERPINA4,Kallistatin,FALSE,Not in HPA muscle
P07942,LAMB1,Laminin subunit beta-1,TRUE,Missingness
Q96KN2,CNDP1,Beta-Ala-His dipeptidase,TRUE,Missingness
Q13509,TUBB3,Tubulin beta-3 chain,FALSE,Not in HPA muscle
A0A0J9YXX1,IGHV5-10-1,Immunoglobulin heavy variable 5-10-1,FALSE,Not in HPA muscle
Q96B97,SH3KBP1,SH3 domain-containing kinase-binding protein 1,TRUE,Missingness
Q8IVF2,AHNAK2,Protein AHNAK2,TRUE,Missingness
Q08495,DMTN,Dematin,TRUE,Missingness
P13533,MYH6,Myosin-6,TRUE,Missingness
Q9P2E9,RRBP1,Ribosome-binding protein 1,TRUE,Missingness
Q14956,GPNMB,Transmembrane glycoprotein NMB,TRUE,Missingness
P14384,CPM,Carboxypeptidase M,TRUE,Missingness
P20292,ALOX5AP,Arachidonate 5-lipoxygenase-activating protein,TRUE,Missingness
Q5KU26,COLEC12,Collectin-12,TRUE,Missingness
Q9UH65,SWAP70,Switch-associated protein 70,TRUE,Missingness
P27144,AK4,"Adenylate kinase 4, mitochondrial",TRUE,Missingness
Q13363,CTBP1,C-terminal-binding protein 1,TRUE,Missingness
P0DJI8,SAA1,Serum amyloid A-1 protein,TRUE,Missingness
P82921,MRPS21,"28S ribosomal protein S21, mitochondrial",TRUE,Missingness
A0AVT1,UBA6,Ubiquitin-like modifier-activating enzyme 6,TRUE,Missingness
O60504,SORBS3,Vinexin,TRUE,Missingness
P08514,ITGA2B,Integrin alpha-IIb,FALSE,Not in HPA muscle
P07996,THBS1,Thrombospondin-1,TRUE,Missingness
P62910,RPL32,60S ribosomal protein L32,TRUE,Missingness
Q96PD5,PGLYRP2,N-acetylmuramoyl-L-alanine amidase,FALSE,Not in HPA muscle
Q13326,SGCG,Gamma-sarcoglycan,TRUE,Missingness
A0A0B4J1V1,IGHV3-21,Immunoglobulin heavy variable 3-21,FALSE,Not in HPA muscle
P08254,MMP3,Stromelysin-1,TRUE,Missingness
Q14112,NID2,Nidogen-2,TRUE,Missingness
P02462,COL4A1,Collagen alpha-1(IV) chain,TRUE,Missingness
P80303,NUCB2,Nucleobindin-2,TRUE,Missingness
Q10589,BST2,Bone marrow stromal antigen 2,TRUE,Missingness
Q5TDH0,DDI2,Protein DDI1 homolog 2,TRUE,Missingness
Q8IUL8,CILP2,Cartilage intermediate layer protein 2,FALSE,Not in HPA muscle
Q14019,COTL1,Coactosin-like protein,TRUE,Missingness
O95260,ATE1,Arginyl-tRNA--protein transferase 1,TRUE,Missingness
Q9UBF2,COPG2,Coatomer subunit gamma-2,TRUE,Missingness
P06310,IGKV2-30,Immunoglobulin kappa variable 2-30,FALSE,Not in HPA muscle
Q9P289,STK26,Serine/threonine-protein kinase 26,FALSE,Not in HPA muscle
P55056,APOC4,Apolipoprotein C-IV,FALSE,Not in HPA muscle
P31323,PRKAR2B,cAMP-dependent protein kinase type II-beta regulatory subunit,TRUE,Missingness
P01782,IGHV3-9,Immunoglobulin heavy variable 3-9,FALSE,Not in HPA muscle
A0A0B4J2D9,IGKV1D-13,Immunoglobulin kappa variable 1D-13,FALSE,Not in HPA muscle
A0A0B4J2H0,IGHV1-69D,Immunoglobulin heavy variable 1-69D,FALSE,Not in HPA muscle
P62314,SNRPD1,Small nuclear ribonucleoprotein Sm D1,TRUE,Missingness
P02533,KRT14,"Keratin, type I cytoskeletal 14",TRUE,Missingness
P11498,PC,"Pyruvate carboxylase, mitochondrial",TRUE,Missingness
P29508,SERPINB3,Serpin B3,FALSE,Not in HPA muscle
Q99707,MTR,Methionine synthase,TRUE,Missingness
P24592,IGFBP6,Insulin-like growth factor-binding protein 6,TRUE,Missingness
A0A0C4DH35,IGHV3-35,Probable non-functional immunoglobulin heavy variable 3-35,FALSE,Not in HPA muscle
Q9UNN8,PROCR,Endothelial protein C receptor,TRUE,Missingness
P15559,NQO1,NAD(P)H dehydrogenase [quinone] 1,TRUE,Missingness
Q9Y2D5,AKAP2,A-kinase anchor protein 2,FALSE,Not in HPA muscle
P06276,BCHE,Cholinesterase,TRUE,Missingness
O60938,KERA,Keratocan,FALSE,Not in HPA muscle
Q9P2X0,DPM3,Dolichol-phosphate mannosyltransferase subunit 3,TRUE,Missingness
Q86VD7,SLC25A42,Mitochondrial coenzyme A transporter SLC25A42,TRUE,Missingness
Q9Y3Z3,SAMHD1,Deoxynucleoside triphosphate triphosphohydrolase SAMHD1,TRUE,Missingness
Q9NP58,ABCB6,"ATP-binding cassette sub-family B member 6, mitochondrial",TRUE,Missingness
P10619,CTSA,Lysosomal protective protein,TRUE,Missingness
P82909,MRPS36,"28S ribosomal protein S36, mitochondrial",TRUE,Missingness
Q7Z794,KRT77,"Keratin, type II cytoskeletal 1b",FALSE,Not in HPA muscle
O60613,SELENOF,Selenoprotein F,TRUE,Missingness
O14879,IFIT3,Interferon-induced protein with tetratricopeptide repeats 3,TRUE,Missingness
Q9NRG4,SMYD2,N-lysine methyltransferase SMYD2,TRUE,Missingness
P53396,ACLY,ATP-citrate synthase,TRUE,Missingness
P07225,PROS1,Vitamin K-dependent protein S,TRUE,Missingness
Q9C005,DPY30,Protein dpy-30 homolog,TRUE,Missingness
Q96HR9,REEP6,Receptor expression-enhancing protein 6,TRUE,Missingness
Q9Y5Y7,LYVE1,Lymphatic vessel endothelial hyaluronic acid receptor 1,TRUE,Missingness
Q9P121,NTM,Neurotrimin,FALSE,Not in HPA muscle
P13646,KRT13,"Keratin, type I cytoskeletal 13",TRUE,Missingness
P82675,MRPS5,"28S ribosomal protein S5, mitochondrial",TRUE,Missingness
Q9Y6W5,WASF2,Wiskott-Aldrich syndrome protein family member 2,TRUE,Missingness
O60879,DIAPH2,Protein diaphanous homolog 2,TRUE,Missingness
Q15306,IRF4,Interferon regulatory factor 4,FALSE,Not in HPA muscle
Q16654,PDK4,"[Pyruvate dehydrogenase (acetyl-transferring)] kinase isozyme 4, mitochondrial",TRUE,Missingness
Q9UBX3,SLC25A10,Mitochondrial dicarboxylate carrier,TRUE,Missingness
Q16643,DBN1,Drebrin,TRUE,Missingness
A0A0C4DH34,IGHV4-28,Immunoglobulin heavy variable 4-28,FALSE,Not in HPA muscle
P46821,MAP1B,Microtubule-associated protein 1B,TRUE,Missingness
Q13061,TRDN,Triadin,TRUE,Missingness
P04180,LCAT,Phosphatidylcholine-sterol acyltransferase,TRUE,Missingness
Q53TN4,CYBRD1,Cytochrome b reductase 1,TRUE,Missingness
Q7Z7G0,ABI3BP,Target of Nesh-SH3,TRUE,Missingness
P43007,SLC1A4,Neutral amino acid transporter A,TRUE,Missingness
O75781,PALM,Paralemmin-1,TRUE,Missingness
O00391,QSOX1,Sulfhydryl oxidase 1,TRUE,Missingness
P61289,PSME3,Proteasome activator complex subunit 3,TRUE,Missingness
P00736,C1R,Complement C1r subcomponent,TRUE,Missingness
P22897,MRC1,Macrophage mannose receptor 1,TRUE,Missingness
P08519,LPA,Apolipoprotein(a),FALSE,Not in HPA muscle
Q9UGM5,FETUB,Fetuin-B,FALSE,Not in HPA muscle
P35612,ADD2,Beta-adducin,FALSE,Not in HPA muscle
Q15758,SLC1A5,Neutral amino acid transporter B(0),TRUE,Missingness
P09496,CLTA,Clathrin light chain A,TRUE,Missingness
Q99961,SH3GL1,Endophilin-A2,TRUE,Missingness
O14639,ABLIM1,Actin-binding LIM protein 1,TRUE,Missingness
Q9P000,COMMD9,COMM domain-containing protein 9,TRUE,Missingness
O14974,PPP1R12A,Protein phosphatase 1 regulatory subunit 12A,TRUE,Missingness
P15144,ANPEP,Aminopeptidase N,TRUE,Missingness
Q6P9B6,MEAK7,MTOR-associated protein MEAK7,TRUE,Missingness
Q9GZM7,TINAGL1,Tubulointerstitial nephritis antigen-like,TRUE,Missingness
Q96A00,PPP1R14A,Protein phosphatase 1 regulatory subunit 14A,TRUE,Missingness
Q2UY09,COL28A1,Collagen alpha-1(XXVIII) chain,TRUE,Missingness
Q6NUJ1,PSAPL1,Proactivator polypeptide-like 1,FALSE,Not in HPA muscle
P15814,IGLL1,Immunoglobulin lambda-like polypeptide 1,FALSE,Not in HPA muscle
Q16799,RTN1,Reticulon-1,FALSE,Not in HPA muscle
Q9UM00,TMCO1,Calcium load-activated calcium channel,TRUE,Missingness
P54709,ATP1B3,Sodium/potassium-transporting ATPase subunit beta-3,TRUE,Missingness
P23946,CMA1,Chymase,FALSE,Not in HPA muscle
A0A0C4DH67,IGKV1-8,Immunoglobulin kappa variable 1-8,FALSE,Not in HPA muscle
P53007,SLC25A1,"Tricarboxylate transport protein, mitochondrial",TRUE,Missingness
Q07065,CKAP4,Cytoskeleton-associated protein 4,TRUE,Missingness
P11413,G6PD,Glucose-6-phosphate 1-dehydrogenase,TRUE,Missingness
P16104,H2AX,Histone H2AX,TRUE,Missingness
Q8N474,SFRP1,Secreted frizzled-related protein 1,TRUE,Missingness
P29373,CRABP2,Cellular retinoic acid-binding protein 2,TRUE,Missingness
Q8NHG7,SVIP,Small VCP/p97-interacting protein,TRUE,Missingness
Q6UWY5,OLFML1,Olfactomedin-like protein 1,TRUE,Missingness
P36269,GGT5,Glutathione hydrolase 5 proenzyme,TRUE,Missingness
P18077,RPL35A,60S ribosomal protein L35a,TRUE,Missingness
A5YM72,CARNS1,Carnosine synthase 1,TRUE,Missingness
Q96R05,RBP7,Retinoid-binding protein 7,TRUE,Missingness
O75431,MTX2,Metaxin-2,TRUE,Missingness
Q99969,RARRES2,Retinoic acid receptor responder protein 2,TRUE,Missingness
Q96E11,MRRF,"Ribosome-recycling factor, mitochondrial",TRUE,Missingness
Q07866,KLC1,Kinesin light chain 1,TRUE,Missingness
P08493,MGP,Matrix Gla protein,TRUE,Missingness
P01593,IGKV1D-33,Immunoglobulin kappa variable 1D-33,FALSE,Not in HPA muscle
Q8WY91,THAP4,THAP domain-containing protein 4,TRUE,Missingness
P0CG29,GSTT2,Glutathione S-transferase theta-2,FALSE,Not in HPA muscle
Q9HAV7,GRPEL1,"GrpE protein homolog 1, mitochondrial",TRUE,Missingness
Q6FHJ7,SFRP4,Secreted frizzled-related protein 4,TRUE,Missingness
P01704,IGLV2-14,Immunoglobulin lambda variable 2-14,TRUE,Missingness
Q8NI22,MCFD2,Multiple coagulation factor deficiency protein 2,TRUE,Missingness
P24821,TNC,Tenascin,TRUE,Missingness
P03950,ANG,Angiogenin,TRUE,Missingness
Q8NFZ8,CADM4,Cell adhesion molecule 4,TRUE,Missingness
Q6IB77,GLYAT,Glycine N-acyltransferase,FALSE,Not in HPA muscle
P09105,HBQ1,Hemoglobin subunit theta-1,FALSE,Not in HPA muscle
P0C0S5,H2AZ1,Histone H2A.Z,TRUE,Missingness
Q15392,DHCR24,Delta(24)-sterol reductase,TRUE,Missingness
P49908,SELENOP,Selenoprotein P,TRUE,Missingness
P10643,C7,Complement component C7,TRUE,Missingness
P22792,CPN2,Carboxypeptidase N subunit 2,FALSE,Not in HPA muscle
Q8N0U8,VKORC1L1,Vitamin K epoxide reductase complex subunit 1-like protein 1,TRUE,Missingness
P08571,CD14,Monocyte differentiation antigen CD14,TRUE,Missingness
P14207,FOLR2,Folate receptor beta,TRUE,Missingness
P02008,HBZ,Hemoglobin subunit zeta,FALSE,Not in HPA muscle
P20742,PZP,Pregnancy zone protein,FALSE,Not in HPA muscle
Q9NY15,STAB1,Stabilin-1,TRUE,Missingness
Q96IY4,CPB2,Carboxypeptidase B2,FALSE,Not in HPA muscle
Q8IYB5,SMAP1,Stromal membrane-associated protein 1,TRUE,Missingness
Q96F85,CNRIP1,CB1 cannabinoid receptor-interacting protein 1,TRUE,Missingness
Q9H1E1,RNASE7,Ribonuclease 7,FALSE,Not in HPA muscle
P28062,PSMB8,Proteasome subunit beta type-8,TRUE,Missingness
P16070,CD44,CD44 antigen,TRUE,Missingness
Q86UU1,PHLDB1,Pleckstrin homology-like domain family B member 1,TRUE,Missingness
P09486,SPARC,SPARC,TRUE,Missingness
P20472,PVALB,Parvalbumin alpha,TRUE,Missingness
P01703,IGLV1-40,Immunoglobulin lambda variable 1-40,TRUE,Missingness
Q9ULV4,CORO1C,Coronin-1C,TRUE,Missingness
O15239,NDUFA1,NADH dehydrogenase [ubiquinone] 1 alpha subcomplex subunit 1,TRUE,Missingness
P13647,KRT5,"Keratin, type II cytoskeletal 5",TRUE,Missingness
O60437,PPL,Periplakin,TRUE,Missingness
Q92930,RAB8B,Ras-related protein Rab-8B,TRUE,Missingness
Q9UHY1,NRBP1,Nuclear receptor-binding protein,TRUE,Missingness
Q13361,MFAP5,Microfibrillar-associated protein 5,TRUE,Missingness
Q99504,EYA3,Eyes absent homolog 3,TRUE,Missingness
Q4VC31,CCDC58,Coiled-coil domain-containing protein 58,FALSE,Not in HPA muscle
Q9UHA4,LAMTOR3,Ragulator complex protein LAMTOR3,TRUE,Missingness
Q9Y3B8,REXO2,"Oligoribonuclease, mitochondrial",TRUE,Missingness
P09668,CTSH,Pro-cathepsin H,TRUE,Missingness
P23229,ITGA6,Integrin alpha-6,TRUE,Missingness
P55039,DRG2,Developmentally-regulated GTP-binding protein 2,TRUE,Missingness
O75636,FCN3,Ficolin-3,TRUE,Missingness
Q9H4B7,TUBB1,Tubulin beta-1 chain,FALSE,Not in HPA muscle
Q9H5X1,CIAO2A,Cytosolic iron-sulfur assembly component 2A,TRUE,Missingness
P01717,IGLV3-25,Immunoglobulin lambda variable 3-25,FALSE,Not in HPA muscle
Q6FI81,CIAPIN1,Anamorsin,TRUE,Missingness
Q9NX46,ADPRHL2,ADP-ribose glycohydrolase ARH3,FALSE,Not in HPA muscle
P01111,NRAS,GTPase NRas,TRUE,Missingness
Q9Y2V2,CARHSP1,Calcium-regulated heat-stable protein 1,TRUE,Missingness
Q9UEY8,ADD3,Gamma-adducin,TRUE,Missingness
Q16610,ECM1,Extracellular matrix protein 1,TRUE,Missingness
Q14982,OPCML,Opioid-binding protein/cell adhesion molecule,FALSE,Not in HPA muscle
P12829,MYL4,Myosin light chain 4,TRUE,Missingness
Q96DH6,MSI2,RNA-binding protein Musashi homolog 2,TRUE,Missingness
Q99747,NAPG,Gamma-soluble NSF attachment protein,TRUE,Missingness
Q9BRQ8,AIFM2,Ferroptosis suppressor protein 1,TRUE,Missingness
P07358,C8B,Complement component C8 beta chain,FALSE,Not in HPA muscle
O43143,DHX15,Pre-mRNA-splicing factor ATP-dependent RNA helicase DHX15,TRUE,Missingness
P01714,IGLV3-19,Immunoglobulin lambda variable 3-19,FALSE,Not in HPA muscle
Q5T440,IBA57,"Putative transferase CAF17, mitochondrial",TRUE,Missingness
Q4V9L6,TMEM119,Transmembrane protein 119,TRUE,Missingness
Q9UBX5,FBLN5,Fibulin-5,TRUE,Missingness
P61952,GNG11,Guanine nucleotide-binding protein G(I)/G(S)/G(O) subunit gamma-11,TRUE,Missingness
P98082,DAB2,Disabled homolog 2,TRUE,Missingness
Q5TFE4,NT5DC1,5'-nucleotidase domain-containing protein 1,TRUE,Missingness
Q96D15,RCN3,Reticulocalbin-3,TRUE,Missingness
P61421,ATP6V0D1,V-type proton ATPase subunit d 1,TRUE,Missingness
P53634,CTSC,Dipeptidyl peptidase 1,TRUE,Missingness
P34913,EPHX2,Bifunctional epoxide hydrolase 2,TRUE,Missingness
Q86UX7,FERMT3,Fermitin family homolog 3,TRUE,Missingness
P06756,ITGAV,Integrin alpha-V,TRUE,Missingness
P08246,ELANE,Neutrophil elastase,TRUE,Missingness
Q9HCU0,CD248,Endosialin,TRUE,Missingness
Q86V81,ALYREF,THO complex subunit 4,TRUE,Missingness
P58005,SESN3,Sestrin-3,TRUE,Missingness
P21589,NT5E,5'-nucleotidase,TRUE,Missingness
Q709C8,VPS13C,Vacuolar protein sorting-associated protein 13C,TRUE,Missingness
O43301,HSPA12A,Heat shock 70 kDa protein 12A,TRUE,Missingness
O75367,MACROH2A1,Core histone macro-H2A.1,TRUE,Missingness
P61254,RPL26,60S ribosomal protein L26,TRUE,Missingness
Q9H0Z9,RBM38,RNA-binding protein 38,TRUE,Missingness
P05543,SERPINA7,Thyroxine-binding globulin,FALSE,Not in HPA muscle
Q92522,H1FX,Histone H1x,FALSE,Not in HPA muscle
Q92781,RDH5,Retinol dehydrogenase 5,TRUE,Missingness
P36405,ARL3,ADP-ribosylation factor-like protein 3,TRUE,Missingness
P40121,CAPG,Macrophage-capping protein,TRUE,Missingness
Q96S97,MYADM,Myeloid-associated differentiation marker,TRUE,Missingness
P02461,COL3A1,Collagen alpha-1(III) chain,TRUE,Missingness
Q86U28,ISCA2,"Iron-sulfur cluster assembly 2 homolog, mitochondrial",TRUE,Missingness
P05107,ITGB2,Integrin beta-2,TRUE,Missingness
Q16647,PTGIS,Prostacyclin synthase,TRUE,Missingness
Q15208,STK38,Serine/threonine-protein kinase 38,TRUE,Missingness
Q14520,HABP2,Hyaluronan-binding protein 2,FALSE,Not in HPA muscle
Q6UW78,UQCC3,Ubiquinol-cytochrome-c reductase complex assembly factor 3,TRUE,Missingness
A0A0B4J2F0,PIGBOS1,Protein PIGBOS1,TRUE,Missingness
P54868,HMGCS2,"Hydroxymethylglutaryl-CoA synthase, mitochondrial",TRUE,Missingness
Q969L2,MAL2,Protein MAL2,FALSE,Not in HPA muscle
Q07954,LRP1,Prolow-density lipoprotein receptor-related protein 1,TRUE,Missingness
Q96CB9,NSUN4,5-methylcytosine rRNA methyltransferase NSUN4,TRUE,Missingness
Q9UKL6,PCTP,Phosphatidylcholine transfer protein,TRUE,Missingness
Q92599,SEPTIN8,Septin-8,TRUE,Missingness
Q9Y3D2,MSRB2,"Methionine-R-sulfoxide reductase B2, mitochondrial",TRUE,Missingness
Q92954,PRG4,Proteoglycan 4,TRUE,Missingness
P42773,CDKN2C,Cyclin-dependent kinase 4 inhibitor C,TRUE,Missingness
Q8NI37,PPTC7,Protein phosphatase PTC7 homolog,TRUE,Missingness
P50851,LRBA,Lipopolysaccharide-responsive and beige-like anchor protein,TRUE,Missingness
Q9BZV1,UBXN6,UBX domain-containing protein 6,TRUE,Missingness
Q9Y240,CLEC11A,C-type lectin domain family 11 member A,TRUE,Missingness
P07196,NEFL,Neurofilament light polypeptide,FALSE,Not in HPA muscle
P63096,GNAI1,Guanine nucleotide-binding protein G(i) subunit alpha-1,TRUE,Missingness
P00156,MT-CYB,Cytochrome b,TRUE,Missingness
P54105,CLNS1A,Methylosome subunit pICln,TRUE,Missingness
Q86VB7,CD163,Scavenger receptor cysteine-rich type 1 protein M130,TRUE,Missingness
Q02818,NUCB1,Nucleobindin-1,TRUE,Missingness
O43681,ASNA1,ATPase ASNA1,FALSE,Not in HPA muscle
P06681,C2,Complement C2,TRUE,Missingness
Q8N5M1,ATPAF2,ATP synthase mitochondrial F1 complex assembly factor 2,TRUE,Missingness
Q9BUB7,TMEM70,"Transmembrane protein 70, mitochondrial",TRUE,Missingness
P16112,ACAN,Aggrecan core protein,FALSE,Not in HPA muscle
P61764,STXBP1,Syntaxin-binding protein 1,TRUE,Missingness
Q9UHB6,LIMA1,LIM domain and actin-binding protein 1,TRUE,Missingness
Q9NVH1,DNAJC11,DnaJ homolog subfamily C member 11,TRUE,Missingness
P30519,HMOX2,Heme oxygenase 2,TRUE,Missingness
Q10588,BST1,ADP-ribosyl cyclase/cyclic ADP-ribose hydrolase 2,TRUE,Missingness
P0DN76,U2AF1L5,Splicing factor U2AF 35 kDa subunit-like protein,FALSE,Not in HPA muscle
Q96GZ6,SLC41A3,Solute carrier family 41 member 3,TRUE,Missingness
P48509,CD151,CD151 antigen,TRUE,Missingness
Q9UIL1,SCOC,Short coiled-coil protein,TRUE,Missingness
Q9P0P8,MTRES1,Mitochondrial transcription rescue factor 1,TRUE,Missingness
Q8IXS6,PALM2,Paralemmin-2,FALSE,Not in HPA muscle
Q16270,IGFBP7,Insulin-like growth factor-binding protein 7,TRUE,Missingness
Q9Y3E7,CHMP3,Charged multivesicular body protein 3,TRUE,Missingness
Q9UJ68,MSRA,Mitochondrial peptide methionine sulfoxide reductase,TRUE,Missingness
Q9NWU1,OXSM,"3-oxoacyl-[acyl-carrier-protein] synthase, mitochondrial",TRUE,Missingness
Q96JJ7,TMX3,Protein disulfide-isomerase TMX3,TRUE,Missingness
Q9BXD5,NPL,N-acetylneuraminate lyase,TRUE,Missingness
O60826,CCDC22,Coiled-coil domain-containing protein 22,TRUE,Missingness
P52597,HNRNPF,Heterogeneous nuclear ribonucleoprotein F,TRUE,Missingness
P16401,H1-5,Histone H1.5,FALSE,Not in HPA muscle
P05160,F13B,Coagulation factor XIII B chain,FALSE,Not in HPA muscle
Q8N4Q0,ZADH2,Prostaglandin reductase 3,FALSE,Not in HPA muscle
P28907,CD38,ADP-ribosyl cyclase/cyclic ADP-ribose hydrolase 1,TRUE,Missingness
A0A0C4DH29,IGHV1-3,Immunoglobulin heavy variable 1-3,FALSE,Not in HPA muscle
Q5HYK7,SH3D19,SH3 domain-containing protein 19,TRUE,Missingness
Q12846,STX4,Syntaxin-4,TRUE,Missingness
Q14139,UBE4A,Ubiquitin conjugation factor E4 A,TRUE,Missingness
Q8WUD1,RAB2B,Ras-related protein Rab-2B,TRUE,Missingness
Q9NZP8,C1RL,Complement C1r subcomponent-like protein,TRUE,Missingness
Q92879,CELF1,CUGBP Elav-like family member 1,TRUE,Missingness
O95816,BAG2,BAG family molecular chaperone regulator 2,TRUE,Missingness
Q5T6F2,UBAP2,Ubiquitin-associated protein 2,TRUE,Missingness
P01344,IGF2,Insulin-like growth factor II,TRUE,Missingness
P39210,MPV17,Protein Mpv17,TRUE,Missingness
P07686,HEXB,Beta-hexosaminidase subunit beta,TRUE,Missingness
Q9Y6Y8,SEC23IP,SEC23-interacting protein,TRUE,Missingness
Q14696,MESD,LRP chaperone MESD,TRUE,Missingness
O43374,RASA4,Ras GTPase-activating protein 4,TRUE,Missingness
P15169,CPN1,Carboxypeptidase N catalytic chain,FALSE,Not in HPA muscle
Q96I23,PYURF,"Protein preY, mitochondrial",TRUE,Missingness
P62304,SNRPE,Small nuclear ribonucleoprotein E,TRUE,Missingness
Q03169,TNFAIP2,Tumor necrosis factor alpha-induced protein 2,TRUE,Missingness
P08174,CD55,Complement decay-accelerating factor,TRUE,Missingness
Q9UDX3,SEC14L4,SEC14-like protein 4,FALSE,Not in HPA muscle
O95376,ARIH2,E3 ubiquitin-protein ligase ARIH2,TRUE,Missingness
Q8N129,CNPY4,Protein canopy homolog 4,TRUE,Missingness
Q9Y2R5,MRPS17,"28S ribosomal protein S17, mitochondrial",TRUE,Missingness
Q15031,LARS2,"Probable leucine--tRNA ligase, mitochondrial",TRUE,Missingness
P39059,COL15A1,Collagen alpha-1(XV) chain,TRUE,Missingness
P27487,DPP4,Dipeptidyl peptidase 4,TRUE,Missingness
P52815,MRPL12,"39S ribosomal protein L12, mitochondrial",TRUE,Missingness
Q8NC42,RNF149,E3 ubiquitin-protein ligase RNF149,TRUE,Missingness
Q12841,FSTL1,Follistatin-related protein 1,TRUE,Missingness
Q13113,PDZK1IP1,PDZK1-interacting protein 1,TRUE,Missingness
Q14116,IL18,Interleukin-18,TRUE,Missingness
Q9BWM7,SFXN3,Sideroflexin-3,TRUE,Missingness
Q9Y3C8,UFC1,Ubiquitin-fold modifier-conjugating enzyme 1,TRUE,Missingness
Q8NBJ7,SUMF2,Inactive C-alpha-formylglycine-generating enzyme 2,TRUE,Missingness
P00748,F12,Coagulation factor XII,FALSE,Not in HPA muscle
Q13336,SLC14A1,Urea transporter 1,TRUE,Missingness
Q63ZY3,KANK2,KN motif and ankyrin repeat domain-containing protein 2,TRUE,Missingness
Q9H8S9,MOB1A,MOB kinase activator 1A,TRUE,Missingness
P24158,PRTN3,Myeloblastin,FALSE,Not in HPA muscle
P05164,MPO,Myeloperoxidase,TRUE,Missingness
P33151,CDH5,Cadherin-5,TRUE,Missingness
Q96C19,EFHD2,EF-hand domain-containing protein D2,TRUE,Missingness
P16455,MGMT,Methylated-DNA--protein-cysteine methyltransferase,TRUE,Missingness
P20339,RAB5A,Ras-related protein Rab-5A,TRUE,Missingness
Q9HAT2,SIAE,Sialate O-acetylesterase,TRUE,Missingness
P0DOY3,IGLC3,Immunoglobulin lambda constant 3,TRUE,Missingness
Q9H4G0,EPB41L1,Band 4.1-like protein 1,TRUE,Missingness
P61006,RAB8A,Ras-related protein Rab-8A,TRUE,Missingness
P14780,MMP9,Matrix metalloproteinase-9,FALSE,Not in HPA muscle
P16118,PFKFB1,"6-phosphofructo-2-kinase/fructose-2,6-bisphosphatase 1",TRUE,Missingness
Q15119,PDK2,"[Pyruvate dehydrogenase (acetyl-transferring)] kinase isozyme 2, mitochondrial",TRUE,Missingness
P11234,RALB,Ras-related protein Ral-B,TRUE,Missingness
P13535,MYH8,Myosin-8,TRUE,Missingness
Q9H3Q1,CDC42EP4,Cdc42 effector protein 4,TRUE,Missingness
P01880,IGHD,Immunoglobulin heavy constant delta,FALSE,Not in HPA muscle
P48739,PITPNB,Phosphatidylinositol transfer protein beta isoform,TRUE,Missingness
Q17R31,TATDN3,Putative deoxyribonuclease TATDN3,TRUE,Missingness
Q99729,HNRNPAB,Heterogeneous nuclear ribonucleoprotein A/B,TRUE,Missingness
O14735,CDIPT,CDP-diacylglycerol--inositol 3-phosphatidyltransferase,TRUE,Missingness
P50135,HNMT,Histamine N-methyltransferase,TRUE,Missingness
Q5VT66,MTARC1,Mitochondrial amidoxime-reducing component 1,TRUE,Missingness
O14874,BCKDK,"[3-methyl-2-oxobutanoate dehydrogenase [lipoamide]] kinase, mitochondrial",TRUE,Missingness
P02788,LTF,Lactotransferrin,TRUE,Missingness
P47914,RPL29,60S ribosomal protein L29,TRUE,Missingness
Q9Y624,F11R,Junctional adhesion molecule A,TRUE,Missingness
Q9Y508,RNF114,E3 ubiquitin-protein ligase RNF114,TRUE,Missingness
Q8WUY1,THEM6,Protein THEM6,TRUE,Missingness
Q00341,HDLBP,Vigilin,TRUE,Missingness
O75828,CBR3,Carbonyl reductase [NADPH] 3,TRUE,Missingness
P51151,RAB9A,Ras-related protein Rab-9A,TRUE,Missingness
O96008,TOMM40,Mitochondrial import receptor subunit TOM40 homolog,TRUE,Missingness
Q8IZP0,ABI1,Abl interactor 1,TRUE,Missingness
P79483,HLA-DRB3,"HLA class II histocompatibility antigen, DR beta 3 chain",FALSE,Not in HPA muscle
Q86YJ6,THNSL2,Threonine synthase-like 2,TRUE,Missingness
Q9UMR2,DDX19B,ATP-dependent RNA helicase DDX19B,TRUE,Missingness
P35858,IGFALS,Insulin-like growth factor-binding protein complex acid labile subunit,FALSE,Not in HPA muscle
Q96EL3,MRPL53,"39S ribosomal protein L53, mitochondrial",TRUE,Missingness
Q96S52,PIGS,GPI transamidase component PIG-S,TRUE,Missingness
Q27J81,INF2,Inverted formin-2,TRUE,Missingness
Q9BR76,CORO1B,Coronin-1B,TRUE,Missingness
O15067,PFAS,Phosphoribosylformylglycinamidine synthase,TRUE,Missingness
Q8IUX7,AEBP1,Adipocyte enhancer-binding protein 1,TRUE,Missingness
P46778,RPL21,60S ribosomal protein L21,TRUE,Missingness
Q9P2R3,ANKFY1,Rabankyrin-5,TRUE,Missingness
Q6YHK3,CD109,CD109 antigen,TRUE,Missingness
Q92597,NDRG1,Protein NDRG1,TRUE,Missingness
P15586,GNS,N-acetylglucosamine-6-sulfatase,TRUE,Missingness
P51178,PLCD1,"1-phosphatidylinositol 4,5-bisphosphate phosphodiesterase delta-1",TRUE,Missingness
Q8N465,D2HGDH,"D-2-hydroxyglutarate dehydrogenase, mitochondrial",TRUE,Missingness
Q8NBN7,RDH13,Retinol dehydrogenase 13,TRUE,Missingness
P21246,PTN,Pleiotrophin,TRUE,Missingness
Q9BY49,PECR,Peroxisomal trans-2-enoyl-CoA reductase,TRUE,Missingness
Q86UX2,ITIH5,Inter-alpha-trypsin inhibitor heavy chain H5,TRUE,Missingness
P04350,TUBB4A,Tubulin beta-4A chain,TRUE,Missingness
Q8N0X4,CLYBL,"Citramalyl-CoA lyase, mitochondrial",TRUE,Missingness
O15075,DCLK1,Serine/threonine-protein kinase DCLK1,TRUE,Missingness
Q86Y82,STX12,Syntaxin-12,TRUE,Missingness
P21283,ATP6V1C1,V-type proton ATPase subunit C 1,TRUE,Missingness
P10176,COX8A,"Cytochrome c oxidase subunit 8A, mitochondrial",TRUE,Missingness
P49459,UBE2A,Ubiquitin-conjugating enzyme E2 A,TRUE,Missingness
A0A0A0MS15,IGHV3-49,Immunoglobulin heavy variable 3-49,FALSE,Not in HPA muscle
Q13496,MTM1,Myotubularin,TRUE,Missingness
Q9NNW7,TXNRD2,"Thioredoxin reductase 2, mitochondrial",TRUE,Missingness
P17900,GM2A,Ganglioside GM2 activator,TRUE,Missingness
P13637,ATP1A3,Sodium/potassium-transporting ATPase subunit alpha-3,FALSE,Not in HPA muscle
Q5SQH8,C6orf136,Uncharacterized protein C6orf136,TRUE,Missingness
P62328,TMSB4X,Thymosin beta-4,TRUE,Missingness
Q330K2,NDUFAF6,"NADH dehydrogenase (ubiquinone) complex I, assembly factor 6",TRUE,Missingness
Q9H477,RBKS,Ribokinase,TRUE,Missingness
Q16777,HIST2H2AC,Histone H2A type 2-C,FALSE,Not in HPA muscle
Q9NSK7,C19orf12,Protein C19orf12,TRUE,Missingness
Q9BPX6,MICU1,"Calcium uptake protein 1, mitochondrial",TRUE,Missingness
O00154,ACOT7,Cytosolic acyl coenzyme A thioester hydrolase,TRUE,Missingness
A0A075B6J9,IGLV2-18,Immunoglobulin lambda variable 2-18,FALSE,Not in HPA muscle
Q96HY7,DHTKD1,"Probable 2-oxoglutarate dehydrogenase E1 component DHKTD1, mitochondrial",TRUE,Missingness
Q7LBR1,CHMP1B,Charged multivesicular body protein 1b,TRUE,Missingness
Q9P2X3,IMPACT,Protein IMPACT,TRUE,Missingness
Q9C0C2,TNKS1BP1,182 kDa tankyrase-1-binding protein,TRUE,Missingness
Q9Y3U8,RPL36,60S ribosomal protein L36,TRUE,Missingness
Q05655,PRKCD,Protein kinase C delta type,TRUE,Missingness
Q9Y2J2,EPB41L3,Band 4.1-like protein 3,TRUE,Missingness
Q9H987,SYNPO2L,Synaptopodin 2-like protein,TRUE,Missingness
P00533,EGFR,Epidermal growth factor receptor,TRUE,Missingness
P46199,MTIF2,"Translation initiation factor IF-2, mitochondrial",TRUE,Missingness
Q9H6K4,OPA3,Optic atrophy 3 protein,TRUE,Missingness
Q9UPQ0,LIMCH1,LIM and calponin homology domains-containing protein 1,TRUE,Missingness
P00742,F10,Coagulation factor X,TRUE,Missingness
Q9NZL4,HSPBP1,Hsp70-binding protein 1,TRUE,Missingness
Q96RS6,NUDCD1,NudC domain-containing protein 1,TRUE,Missingness
P39023,RPL3,60S ribosomal protein L3,TRUE,Missingness
A1L4H1,SSC5D,Soluble scavenger receptor cysteine-rich domain-containing protein SSC5D,TRUE,Missingness
Q86TP1,PRUNE1,Exopolyphosphatase PRUNE1,TRUE,Missingness
Q6BCY4,CYB5R2,NADH-cytochrome b5 reductase 2,TRUE,Missingness
P02538,KRT6A,"Keratin, type II cytoskeletal 6A",TRUE,Missingness
P31994,FCGR2B,Low affinity immunoglobulin gamma Fc region receptor II-b,TRUE,Missingness
P01040,CSTA,Cystatin-A,TRUE,Missingness
Q9NVI7,ATAD3A,ATPase family AAA domain-containing protein 3A,TRUE,Missingness
A1L0T0,ILVBL,Acetolactate synthase-like protein,TRUE,Missingness
Q06033,ITIH3,Inter-alpha-trypsin inhibitor heavy chain H3,FALSE,Not in HPA muscle
P49321,NASP,Nuclear autoantigenic sperm protein,TRUE,Missingness
O94875,SORBS2,Sorbin and SH3 domain-containing protein 2,TRUE,Missingness
O75882,ATRN,Attractin,TRUE,Missingness
Q6UWP2,DHRS11,Dehydrogenase/reductase SDR family member 11,TRUE,Missingness
Q6P1A2,LPCAT3,Lysophospholipid acyltransferase 5,TRUE,Missingness
O60237,PPP1R12B,Protein phosphatase 1 regulatory subunit 12B,TRUE,Missingness
Q8N5X7,EIF4E3,Eukaryotic translation initiation factor 4E type 3,TRUE,Missingness
Q02318,CYP27A1,"Sterol 26-hydroxylase, mitochondrial",TRUE,Missingness
Q9BY32,ITPA,Inosine triphosphate pyrophosphatase,TRUE,Missingness
A0A0A0MT89,IGKJ1,Immunoglobulin kappa joining 1,TRUE,Missingness
Q53S33,BOLA3,BolA-like protein 3,TRUE,Missingness
P53814,SMTN,Smoothelin,TRUE,Missingness
P05154,SERPINA5,Plasma serine protease inhibitor,TRUE,Missingness
Q14699,RFTN1,Raftlin,TRUE,Missingness
Q49AH0,CDNF,Cerebral dopamine neurotrophic factor,TRUE,Missingness
P49593,PPM1F,Protein phosphatase 1F,TRUE,Missingness
Q9ULX7,CA14,Carbonic anhydrase 14,TRUE,Missingness
P16144,ITGB4,Integrin beta-4,TRUE,Missingness
Q5TGZ0,MICOS10,MICOS complex subunit MIC10,TRUE,Missingness
Q05086,UBE3A,Ubiquitin-protein ligase E3A,TRUE,Missingness
Q01628,IFITM3,Interferon-induced transmembrane protein 3,TRUE,Missingness
Q9Y2T3,GDA,Guanine deaminase,TRUE,Missingness
Q99523,SORT1,Sortilin,TRUE,Missingness
P42785,PRCP,Lysosomal Pro-X carboxypeptidase,TRUE,Missingness
Q5TC12,ATPAF1,ATP synthase mitochondrial F1 complex assembly factor 1,TRUE,Missingness
Q6IPR1,ETFRF1,Electron transfer flavoprotein regulatory factor 1,TRUE,Missingness
Q03591,CFHR1,Complement factor H-related protein 1,FALSE,Not in HPA muscle
O60869,EDF1,Endothelial differentiation-related factor 1,TRUE,Missingness
Q96P70,IPO9,Importin-9,TRUE,Missingness
P49789,FHIT,Bis(5'-adenosyl)-triphosphatase,TRUE,Missingness
O00170,AIP,AH receptor-interacting protein,TRUE,Missingness
Q15113,PCOLCE,Procollagen C-endopeptidase enhancer 1,TRUE,Missingness
Q9BYV7,BCO2,"Beta,beta-carotene 9',10'-oxygenase",TRUE,Missingness
Q12906,ILF3,Interleukin enhancer-binding factor 3,TRUE,Missingness
Q9UN86,G3BP2,Ras GTPase-activating protein-binding protein 2,TRUE,Missingness
Q9NPA0,EMC7,ER membrane protein complex subunit 7,TRUE,Missingness
A5D6W6,FITM1,Fat storage-inducing transmembrane protein 1,TRUE,Missingness
Q9NRN7,AASDHPPT,L-aminoadipate-semialdehyde dehydrogenase-phosphopantetheinyl transferase,TRUE,Missingness
Q7Z3B1,NEGR1,Neuronal growth regulator 1,TRUE,Missingness
P32320,CDA,Cytidine deaminase,TRUE,Missingness
A0A0B4J1V0,IGHV3-15,Immunoglobulin heavy variable 3-15,FALSE,Not in HPA muscle
Q5RI15,COX20,"Cytochrome c oxidase assembly protein COX20, mitochondrial",TRUE,Missingness
Q9BUK0,CHCHD7,Coiled-coil-helix-coiled-coil-helix domain-containing protein 7,TRUE,Missingness
O43504,LAMTOR5,Ragulator complex protein LAMTOR5,TRUE,Missingness
Q96BJ3,AIDA,"Axin interactor, dorsalization-associated protein",TRUE,Missingness
Q13151,HNRNPA0,Heterogeneous nuclear ribonucleoprotein A0,TRUE,Missingness
Q01844,EWSR1,RNA-binding protein EWS,TRUE,Missingness
Q9NUP9,LIN7C,Protein lin-7 homolog C,TRUE,Missingness
P53582,METAP1,Methionine aminopeptidase 1,TRUE,Missingness
Q96PU8,QKI,Protein quaking,TRUE,Missingness
Q14344,GNA13,Guanine nucleotide-binding protein subunit alpha-13,TRUE,Missingness
Q13586,STIM1,Stromal interaction molecule 1,TRUE,Missingness
Q14677,CLINT1,Clathrin interactor 1,TRUE,Missingness
Q9Y617,PSAT1,Phosphoserine aminotransferase,FALSE,Not in HPA muscle
Q15811,ITSN1,Intersectin-1,TRUE,Missingness
P53680,AP2S1,AP-2 complex subunit sigma,TRUE,Missingness
Q9NXJ5,PGPEP1,Pyroglutamyl-peptidase 1,TRUE,Missingness
Q13936,CACNA1C,Voltage-dependent L-type calcium channel subunit alpha-1C,FALSE,Not in HPA muscle
P04839,CYBB,Cytochrome b-245 heavy chain,TRUE,Missingness
Q6QEF8,CORO6,Coronin-6,TRUE,Missingness
Q9UEU0,VTI1B,Vesicle transport through interaction with t-SNAREs homolog 1B,TRUE,Missingness
Q7Z7H5,TMED4,Transmembrane emp24 domain-containing protein 4,TRUE,Missingness
P51571,SSR4,Translocon-associated protein subunit delta,TRUE,Missingness
Q9Y6N1,COX11,"Cytochrome c oxidase assembly protein COX11, mitochondrial",TRUE,Missingness
P20851,C4BPB,C4b-binding protein beta chain,FALSE,Not in HPA muscle
P32455,GBP1,Guanylate-binding protein 1,TRUE,Missingness
P62253,UBE2G1,Ubiquitin-conjugating enzyme E2 G1,TRUE,Missingness
Q30154,HLA-DRB5,"HLA class II histocompatibility antigen, DR beta 5 chain",TRUE,Missingness
P08648,ITGA5,Integrin alpha-5,TRUE,Missingness
Q53H12,AGK,"Acylglycerol kinase, mitochondrial",TRUE,Missingness
Q9Y3D9,MRPS23,"28S ribosomal protein S23, mitochondrial",TRUE,Missingness
Q04941,PLP2,Proteolipid protein 2,TRUE,Missingness
Q9H1C7,CYSTM1,Cysteine-rich and transmembrane domain-containing protein 1,TRUE,Missingness
Q16222,UAP1,UDP-N-acetylhexosamine pyrophosphorylase,TRUE,Missingness
O95278,EPM2A,Laforin,TRUE,Missingness
O14498,ISLR,Immunoglobulin superfamily containing leucine-rich repeat protein,TRUE,Missingness
Q15386,UBE3C,Ubiquitin-protein ligase E3C,TRUE,Missingness
O14828,SCAMP3,Secretory carrier-associated membrane protein 3,TRUE,Missingness
Q9Y3A6,TMED5,Transmembrane emp24 domain-containing protein 5,TRUE,Missingness
P35221,CTNNA1,Catenin alpha-1,TRUE,Missingness
Q687X5,STEAP4,Metalloreductase STEAP4,TRUE,Missingness
P50583,NUDT2,Bis(5'-nucleosyl)-tetraphosphatase [asymmetrical],TRUE,Missingness
A5D8V6,VPS37C,Vacuolar protein sorting-associated protein 37C,TRUE,Missingness
Q9Y276,BCS1L,Mitochondrial chaperone BCS1,TRUE,Missingness
P50453,SERPINB9,Serpin B9,TRUE,Missingness
Q92973,TNPO1,Transportin-1,TRUE,Missingness
Q8TC44,POC1B,POC1 centriolar protein homolog B,TRUE,Missingness
Q6P5Q4,LMOD2,Leiomodin-2,TRUE,Missingness
Q969Q0,RPL36AL,60S ribosomal protein L36a-like,TRUE,Missingness
Q9UNN5,FAF1,FAS-associated factor 1,TRUE,Missingness
Q9ULZ3,PYCARD,Apoptosis-associated speck-like protein containing a CARD,TRUE,Missingness
Q9BVJ7,DUSP23,Dual specificity protein phosphatase 23,TRUE,Missingness
O75410,TACC1,Transforming acidic coiled-coil-containing protein 1,TRUE,Missingness
P80723,BASP1,Brain acid soluble protein 1,TRUE,Missingness
Q96IV0,NGLY1,Peptide-N(4)-(N-acetyl-beta-glucosaminyl)asparagine amidase,TRUE,Missingness
Q96A35,MRPL24,"39S ribosomal protein L24, mitochondrial",TRUE,Missingness
Q3ZCM7,TUBB8,Tubulin beta-8 chain,FALSE,Not in HPA muscle
Q9BRJ2,MRPL45,"39S ribosomal protein L45, mitochondrial",TRUE,Missingness
Q15438,CYTH1,Cytohesin-1,TRUE,Missingness
Q9UBG0,MRC2,C-type mannose receptor 2,TRUE,Missingness
Q06190,PPP2R3A,Serine/threonine-protein phosphatase 2A regulatory subunit B'' subunit alpha,TRUE,Missingness
Q8IWL3,HSCB,Iron-sulfur cluster co-chaperone protein HscB,TRUE,Missingness
P12273,PIP,Prolactin-inducible protein,TRUE,Missingness
Q9UKK9,NUDT5,ADP-sugar pyrophosphatase,TRUE,Missingness
Q13505,MTX1,Metaxin-1,TRUE,Missingness
P35556,FBN2,Fibrillin-2,FALSE,Not in HPA muscle
P26368,U2AF2,Splicing factor U2AF 65 kDa subunit,TRUE,Missingness
Q86TX2,ACOT1,Acyl-coenzyme A thioesterase 1,TRUE,Missingness
O75122,CLASP2,CLIP-associating protein 2,TRUE,Missingness
P09619,PDGFRB,Platelet-derived growth factor receptor beta,TRUE,Missingness
P02724,GYPA,Glycophorin-A,FALSE,Not in HPA muscle
Q8NDI1,EHBP1,EH domain-binding protein 1,TRUE,Missingness
P09455,RBP1,Retinol-binding protein 1,TRUE,Missingness
Q6H8Q1,ABLIM2,Actin-binding LIM protein 2,TRUE,Missingness
P48681,NES,Nestin,TRUE,Missingness
P50148,GNAQ,Guanine nucleotide-binding protein G(q) subunit alpha,TRUE,Missingness
Q9UBE0,SAE1,SUMO-activating enzyme subunit 1,TRUE,Missingness
O60488,ACSL4,Long-chain-fatty-acid--CoA ligase 4,TRUE,Missingness
Q9Y3B3,TMED7,Transmembrane emp24 domain-containing protein 7,TRUE,Missingness
Q9HB90,RRAGC,Ras-related GTP-binding protein C,TRUE,Missingness
P46060,RANGAP1,Ran GTPase-activating protein 1,TRUE,Missingness
Q92747,ARPC1A,Actin-related protein 2/3 complex subunit 1A,TRUE,Missingness
O75880,SCO1,"Protein SCO1 homolog, mitochondrial",TRUE,Missingness
Q9Y2Z4,YARS2,"Tyrosine--tRNA ligase, mitochondrial",TRUE,Missingness
Q9Y639,NPTN,Neuroplastin,TRUE,Missingness
P62266,RPS23,40S ribosomal protein S23,TRUE,Missingness
Q92882,OSTF1,Osteoclast-stimulating factor 1,TRUE,Missingness
Q5JPE7,NOMO2,Nodal modulator 2,TRUE,Missingness
Q12849,GRSF1,G-rich sequence factor 1,TRUE,Missingness
O60610,DIAPH1,Protein diaphanous homolog 1,TRUE,Missingness
Q5TA50,CPTP,Ceramide-1-phosphate transfer protein,TRUE,Missingness
Q06136,KDSR,3-ketodihydrosphingosine reductase,TRUE,Missingness
O43826,SLC37A4,Glucose-6-phosphate exchanger SLC37A4,TRUE,Missingness
Q8NHP8,PLBD2,Putative phospholipase B-like 2,TRUE,Missingness
Q6B0K9,HBM,Hemoglobin subunit mu,FALSE,Not in HPA muscle
P62316,SNRPD2,Small nuclear ribonucleoprotein Sm D2,TRUE,Missingness
O94874,UFL1,E3 UFM1-protein ligase 1,TRUE,Missingness
Q8N4H5,TOMM5,Mitochondrial import receptor subunit TOM5 homolog,TRUE,Missingness
Q96S96,PEBP4,Phosphatidylethanolamine-binding protein 4,TRUE,Missingness
P55058,PLTP,Phospholipid transfer protein,TRUE,Missingness
P49023,PXN,Paxillin,TRUE,Missingness
P00740,F9,Coagulation factor IX,FALSE,Not in HPA muscle
P62072,TIMM10,Mitochondrial import inner membrane translocase subunit Tim10,TRUE,Missingness
P12004,PCNA,Proliferating cell nuclear antigen,TRUE,Missingness
Q96C11,FGGY,FGGY carbohydrate kinase domain-containing protein,TRUE,Missingness
P35558,PCK1,"Phosphoenolpyruvate carboxykinase, cytosolic [GTP]",FALSE,Not in HPA muscle
Q13451,FKBP5,Peptidyl-prolyl cis-trans isomerase FKBP5,TRUE,Missingness
P60602,ROMO1,Reactive oxygen species modulator 1,TRUE,Missingness
O95777,LSM8,U6 snRNA-associated Sm-like protein LSm8,TRUE,Missingness
Q96T66,NMNAT3,Nicotinamide/nicotinic acid mononucleotide adenylyltransferase 3,TRUE,Missingness
Q8NFU3,TSTD1,Thiosulfate:glutathione sulfurtransferase,TRUE,Missingness
Q13153,PAK1,Serine/threonine-protein kinase PAK 1,TRUE,Missingness
Q9NYL9,TMOD3,Tropomodulin-3,TRUE,Missingness
Q9UP65,PLA2G4C,Cytosolic phospholipase A2 gamma,TRUE,Missingness
P55899,FCGRT,IgG receptor FcRn large subunit p51,TRUE,Missingness
Q9P2B2,PTGFRN,Prostaglandin F2 receptor negative regulator,TRUE,Missingness
Q99538,LGMN,Legumain,TRUE,Missingness
Q5ZPR3,CD276,CD276 antigen,TRUE,Missingness
Q96AG3,SLC25A46,Solute carrier family 25 member 46,TRUE,Missingness
P08621,SNRNP70,U1 small nuclear ribonucleoprotein 70 kDa,TRUE,Missingness
Q9Y646,CPQ,Carboxypeptidase Q,TRUE,Missingness
Q9BRX2,PELO,Protein pelota homolog,TRUE,Missingness
Q96FQ6,S100A16,Protein S100-A16,TRUE,Missingness
Q5U5X0,LYRM7,Complex III assembly factor LYRM7,TRUE,Missingness
Q7Z4H3,HDDC2,HD domain-containing protein 2,TRUE,Missingness
Q9H0U3,MAGT1,Magnesium transporter protein 1,TRUE,Missingness
Q9BXB4,OSBPL11,Oxysterol-binding protein-related protein 11,TRUE,Missingness
Q9Y4Z0,LSM4,U6 snRNA-associated Sm-like protein LSm4,TRUE,Missingness
Q7L0Y3,TRMT10C,tRNA methyltransferase 10 homolog C,TRUE,Missingness
P16435,POR,NADPH--cytochrome P450 reductase,TRUE,Missingness
Q96H20,SNF8,Vacuolar-sorting protein SNF8,TRUE,Missingness
Q8WTS1,ABHD5,1-acylglycerol-3-phosphate O-acyltransferase ABHD5,TRUE,Missingness
P02795,MT2A,Metallothionein-2,TRUE,Missingness
Q6UXB8,PI16,Peptidase inhibitor 16,TRUE,Missingness
P98179,RBM3,RNA-binding protein 3,TRUE,Missingness
Q9UK76,JPT1,Jupiter microtubule associated homolog 1,TRUE,Missingness
P28906,CD34,Hematopoietic progenitor cell antigen CD34,TRUE,Missingness
Q8WZA9,IRGQ,Immunity-related GTPase family Q protein,TRUE,Missingness
Q14554,PDIA5,Protein disulfide-isomerase A5,TRUE,Missingness
P07998,RNASE1,Ribonuclease pancreatic,TRUE,Missingness
Q96IJ6,GMPPA,Mannose-1-phosphate guanyltransferase alpha,TRUE,Missingness
Q13263,TRIM28,Transcription intermediary factor 1-beta,TRUE,Missingness
O95674,CDS2,Phosphatidate cytidylyltransferase 2,TRUE,Missingness
Q9BVA1,TUBB2B,Tubulin beta-2B chain,TRUE,Missingness
Q8WXH0,SYNE2,Nesprin-2,TRUE,Missingness
Q14767,LTBP2,Latent-transforming growth factor beta-binding protein 2,TRUE,Missingness
Q7Z422,SZRD1,SUZ domain-containing protein 1,TRUE,Missingness
Q9BQI9,NRIP2,Nuclear receptor-interacting protein 2,TRUE,Missingness
Q6GMV2,SMYD5,SET and MYND domain-containing protein 5,TRUE,Missingness
A0A0B4J1X8,IGHV3-43,Immunoglobulin heavy variable 3-43,FALSE,Not in HPA muscle
Q5QJ74,TBCEL,Tubulin-specific chaperone cofactor E-like protein,TRUE,Missingness
Q9UQ90,SPG7,Paraplegin,TRUE,Missingness
Q12792,TWF1,Twinfilin-1,TRUE,Missingness
Q0VAK6,LMOD3,Leiomodin-3,TRUE,Missingness
P17213,BPI,Bactericidal permeability-increasing protein,FALSE,Not in HPA muscle
Q9BRK5,SDF4,45 kDa calcium-binding protein,TRUE,Missingness
P63146,UBE2B,Ubiquitin-conjugating enzyme E2 B,TRUE,Missingness
Q9NR46,SH3GLB2,Endophilin-B2,TRUE,Missingness
Q9NUQ8,ABCF3,ATP-binding cassette sub-family F member 3,TRUE,Missingness
Q9HD15,SRA1,Steroid receptor RNA activator 1,TRUE,Missingness
Q13790,APOF,Apolipoprotein F,FALSE,Not in HPA muscle
Q92614,MYO18A,Unconventional myosin-XVIIIa,TRUE,Missingness
Q92901,RPL3L,60S ribosomal protein L3-like,TRUE,Missingness
P27694,RPA1,Replication protein A 70 kDa DNA-binding subunit,TRUE,Missingness
P09601,HMOX1,Heme oxygenase 1,TRUE,Missingness
Q8WX93,PALLD,Palladin,TRUE,Missingness
Q8TAE6,PPP1R14C,Protein phosphatase 1 regulatory subunit 14C,TRUE,Missingness
Q8N5K1,CISD2,CDGSH iron-sulfur domain-containing protein 2,TRUE,Missingness
Q6EMK4,VASN,Vasorin,TRUE,Missingness
P19256,CD58,Lymphocyte function-associated antigen 3,TRUE,Missingness
Q9NRN5,OLFML3,Olfactomedin-like protein 3,TRUE,Missingness
Q3SXM5,HSDL1,Inactive hydroxysteroid dehydrogenase-like protein 1,TRUE,Missingness
Q9P0S9,TMEM14C,Transmembrane protein 14C,TRUE,Missingness
A0A0B4J1V2,IGHV2-26,Immunoglobulin heavy variable 2-26,FALSE,Not in HPA muscle
P11215,ITGAM,Integrin alpha-M,TRUE,Missingness
P42224,STAT1,Signal transducer and activator of transcription 1-alpha/beta,TRUE,Missingness
O00161,SNAP23,Synaptosomal-associated protein 23,TRUE,Missingness
P25940,COL5A3,Collagen alpha-3(V) chain,TRUE,Missingness
Q9Y279,VSIG4,V-set and immunoglobulin domain-containing protein 4,TRUE,Missingness
Q96JY6,PDLIM2,PDZ and LIM domain protein 2,TRUE,Missingness
P15502,ELN,Elastin,TRUE,Missingness
P08195,SLC3A2,4F2 cell-surface antigen heavy chain,TRUE,Missingness
Q0ZGT2,NEXN,Nexilin,TRUE,Missingness
P78559,MAP1A,Microtubule-associated protein 1A,TRUE,Missingness
Q8TCS8,PNPT1,"Polyribonucleotide nucleotidyltransferase 1, mitochondrial",TRUE,Missingness
Q86UE4,MTDH,Protein LYRIC,TRUE,Missingness
A0A0B4J1U3,IGLV1-36,Immunoglobulin lambda variable 1-36,FALSE,Not in HPA muscle
P31749,AKT1,RAC-alpha serine/threonine-protein kinase,TRUE,Missingness
O43747,AP1G1,AP-1 complex subunit gamma-1,TRUE,Missingness
P43243,MATR3,Matrin-3,TRUE,Missingness
Q8NE62,CHDH,"Choline dehydrogenase, mitochondrial",TRUE,Missingness
P41227,NAA10,N-alpha-acetyltransferase 10,TRUE,Missingness
P46937,YAP1,Transcriptional coactivator YAP1,TRUE,Missingness
Q9UBV8,PEF1,Peflin,TRUE,Missingness
Q86W34,AMZ2,Archaemetzincin-2,TRUE,Missingness
Q9NQ50,MRPL40,"39S ribosomal protein L40, mitochondrial",TRUE,Missingness
Q9NVT9,ARMC1,Armadillo repeat-containing protein 1,TRUE,Missingness
O00625,PIR,Pirin,TRUE,Missingness
P07948,LYN,Tyrosine-protein kinase Lyn,TRUE,Missingness
P82650,MRPS22,"28S ribosomal protein S22, mitochondrial",TRUE,Missingness
P40616,ARL1,ADP-ribosylation factor-like protein 1,TRUE,Missingness
Q9H7C4,SYNC,Syncoilin,TRUE,Missingness
Q9GZS3,WDR61,WD repeat-containing protein 61,FALSE,Not in HPA muscle
Q9BXJ9,NAA15,"N-alpha-acetyltransferase 15, NatA auxiliary subunit",TRUE,Missingness
Q07812,BAX,Apoptosis regulator BAX,TRUE,Missingness
O95302,FKBP9,Peptidyl-prolyl cis-trans isomerase FKBP9,TRUE,Missingness
Q9Y3C4,TPRKB,EKC/KEOPS complex subunit TPRKB,TRUE,Missingness
Q9BQE3,TUBA1C,Tubulin alpha-1C chain,TRUE,Missingness
Q96C00,ZBTB9,Zinc finger and BTB domain-containing protein 9,TRUE,Missingness
P05089,ARG1,Arginase-1,FALSE,Not in HPA muscle
Q969H8,MYDGF,Myeloid-derived growth factor,TRUE,Missingness
P46063,RECQL,ATP-dependent DNA helicase Q1,TRUE,Missingness
Q6NYC8,PPP1R18,Phostensin,TRUE,Missingness
Q9Y3D7,PAM16,Mitochondrial import inner membrane translocase subunit TIM16,TRUE,Missingness
Q15772,SPEG,Striated muscle preferentially expressed protein kinase,TRUE,Missingness
Q12981,BNIP1,Vesicle transport protein SEC20,TRUE,Missingness
Q13203,MYBPH,Myosin-binding protein H,TRUE,Missingness
Q9H078,CLPB,Caseinolytic peptidase B protein homolog,TRUE,Missingness
Q96AY3,FKBP10,Peptidyl-prolyl cis-trans isomerase FKBP10,TRUE,Missingness
Q8IVD9,NUDCD3,NudC domain-containing protein 3,TRUE,Missingness
Q92598,HSPH1,Heat shock protein 105 kDa,TRUE,Missingness
Q8WZ82,OVCA2,Esterase OVCA2,TRUE,Missingness
O15335,CHAD,Chondroadherin,TRUE,Missingness
Q4G176,ACSF3,"Malonate--CoA ligase ACSF3, mitochondrial",TRUE,Missingness
O14907,TAX1BP3,Tax1-binding protein 3,TRUE,Missingness
P11717,IGF2R,Cation-independent mannose-6-phosphate receptor,TRUE,Missingness
Q99797,MIPEP,Mitochondrial intermediate peptidase,TRUE,Missingness
Q9H8M7,MINDY3,Ubiquitin carboxyl-terminal hydrolase MINDY-3,TRUE,Missingness
O14745,SLC9A3R1,Na(+)/H(+) exchange regulatory cofactor NHE-RF1,TRUE,Missingness
Q15717,ELAVL1,ELAV-like protein 1,TRUE,Missingness
Q9P2J5,LARS1,"Leucine--tRNA ligase, cytoplasmic",TRUE,Missingness
Q9BX97,PLVAP,Plasmalemma vesicle-associated protein,TRUE,Missingness
O60343,TBC1D4,TBC1 domain family member 4,TRUE,Missingness
L0R6Q1,SLC35A4,SLC35A4 upstream open reading frame protein,TRUE,Missingness
Q8N4Q1,CHCHD4,Mitochondrial intermembrane space import and assembly protein 40,TRUE,Missingness
O96007,MOCS2,Molybdopterin synthase catalytic subunit,TRUE,Missingness
P80108,GPLD1,Phosphatidylinositol-glycan-specific phospholipase D,TRUE,Missingness
P14678,SNRPB,Small nuclear ribonucleoprotein-associated proteins B and B',TRUE,Missingness
Q7Z4H8,POGLUT3,Protein O-glucosyltransferase 3,TRUE,Missingness
Q8IXM3,MRPL41,"39S ribosomal protein L41, mitochondrial",TRUE,Missingness
Q68EM7,ARHGAP17,Rho GTPase-activating protein 17,TRUE,Missingness
P0CW19,LIMS3,LIM and senescent cell antigen-like-containing domain protein 3,TRUE,Missingness
A0A0A0MT36,IGKV6D-21,Immunoglobulin kappa variable 6D-21,FALSE,Not in HPA muscle
Q9NRR5,UBQLN4,Ubiquilin-4,TRUE,Missingness
Q5GLZ8,HERC4,Probable E3 ubiquitin-protein ligase HERC4,TRUE,Missingness
Q8IUI8,CRLF3,Cytokine receptor-like factor 3,TRUE,Missingness
Q9NR50,EIF2B3,Translation initiation factor eIF-2B subunit gamma,TRUE,Missingness
O95870,ABHD16A,Phosphatidylserine lipase ABHD16A,TRUE,Missingness
Q9H6R3,ACSS3,"Acyl-CoA synthetase short-chain family member 3, mitochondrial",TRUE,Missingness
Q5T013,HYI,Putative hydroxypyruvate isomerase,TRUE,Missingness
Q16576,RBBP7,Histone-binding protein RBBP7,TRUE,Missingness
Q5JVF3,PCID2,PCI domain-containing protein 2,TRUE,Missingness
P01718,IGLV3-27,Immunoglobulin lambda variable 3-27,FALSE,Not in HPA muscle
Q06432,CACNG1,Voltage-dependent calcium channel gamma-1 subunit,TRUE,Missingness
Q92552,MRPS27,"28S ribosomal protein S27, mitochondrial",TRUE,Missingness
Q9HC35,EML4,Echinoderm microtubule-associated protein-like 4,TRUE,Missingness
O15372,EIF3H,Eukaryotic translation initiation factor 3 subunit H,TRUE,Missingness
P22087,FBL,rRNA 2'-O-methyltransferase fibrillarin,TRUE,Missingness
Q9Y2Q5,LAMTOR2,Ragulator complex protein LAMTOR2,TRUE,Missingness
P08779,KRT16,"Keratin, type I cytoskeletal 16",FALSE,Not in HPA muscle
P63172,DYNLT1,Dynein light chain Tctex-type 1,TRUE,Missingness
Q9Y315,DERA,Deoxyribose-phosphate aldolase,TRUE,Missingness
Q9H9J2,MRPL44,"39S ribosomal protein L44, mitochondrial",TRUE,Missingness
P32456,GBP2,Guanylate-binding protein 2,TRUE,Missingness
P47929,LGALS7,Galectin-7,TRUE,Missingness
Q8N183,NDUFAF2,NADH dehydrogenase [ubiquinone] 1 alpha subcomplex assembly factor 2,TRUE,Missingness
Q9Y5K5,UCHL5,Ubiquitin carboxyl-terminal hydrolase isozyme L5,TRUE,Missingness
P36954,POLR2I,DNA-directed RNA polymerase II subunit RPB9,TRUE,Missingness
P0DMM9,SULT1A3,Sulfotransferase 1A3,TRUE,Missingness
P45877,PPIC,Peptidyl-prolyl cis-trans isomerase C,TRUE,Missingness
Q9Y295,DRG1,Developmentally-regulated GTP-binding protein 1,TRUE,Missingness
O75153,CLUH,Clustered mitochondria protein homolog,TRUE,Missingness
P04233,CD74,HLA class II histocompatibility antigen gamma chain,TRUE,Missingness
Q9Y6E0,STK24,Serine/threonine-protein kinase 24,TRUE,Missingness
Q9Y5X1,SNX9,Sorting nexin-9,TRUE,Missingness
Q9BVG4,PBDC1,Protein PBDC1,TRUE,Missingness
Q9NPY3,CD93,Complement component C1q receptor,TRUE,Missingness
Q96LJ7,DHRS1,Dehydrogenase/reductase SDR family member 1,TRUE,Missingness
Q6UX53,METTL7B,Methyltransferase-like protein 7B,TRUE,Missingness
Q4G0F5,VPS26B,Vacuolar protein sorting-associated protein 26B,TRUE,Missingness
Q86WA6,BPHL,Valacyclovir hydrolase,TRUE,Missingness
Q9UMX5,NENF,Neudesin,TRUE,Missingness
Q7L576,CYFIP1,Cytoplasmic FMR1-interacting protein 1,TRUE,Missingness
P0C870,JMJD7,Bifunctional peptidase and (3S)-lysyl hydroxylase JMJD7,TRUE,Missingness
Q15276,RABEP1,Rab GTPase-binding effector protein 1,TRUE,Missingness
Q6PI48,DARS2,"Aspartate--tRNA ligase, mitochondrial",TRUE,Missingness
P51114,FXR1,Fragile X mental retardation syndrome-related protein 1,TRUE,Missingness
P49840,GSK3A,Glycogen synthase kinase-3 alpha,TRUE,Missingness
Q9H4I9,SMDT1,"Essential MCU regulator, mitochondrial",TRUE,Missingness
O75937,DNAJC8,DnaJ homolog subfamily C member 8,TRUE,Missingness
O75363,BCAS1,Breast carcinoma-amplified sequence 1,FALSE,Not in HPA muscle
Q9NSK0,KLC4,Kinesin light chain 4,TRUE,Missingness
Q96BW5,PTER,Phosphotriesterase-related protein,TRUE,Missingness
Q9BVV7,TIMM21,Mitochondrial import inner membrane translocase subunit Tim21,TRUE,Missingness
P01766,IGHV3-13,Immunoglobulin heavy variable 3-13,FALSE,Not in HPA muscle
Q15036,SNX17,Sorting nexin-17,TRUE,Missingness
Q96DA6,DNAJC19,Mitochondrial import inner membrane translocase subunit TIM14,TRUE,Missingness
O43684,BUB3,Mitotic checkpoint protein BUB3,TRUE,Missingness
Q14166,TTLL12,Tubulin--tyrosine ligase-like protein 12,TRUE,Missingness
Q9BZE9,ASPSCR1,Tether containing UBX domain for GLUT4,TRUE,Missingness
Q8TB22,SPATA20,Spermatogenesis-associated protein 20,TRUE,Missingness
P08567,PLEK,Pleckstrin,TRUE,Missingness
Q92667,AKAP1,"A-kinase anchor protein 1, mitochondrial",TRUE,Missingness
Q8TD55,PLEKHO2,Pleckstrin homology domain-containing family O member 2,TRUE,Missingness
Q6PI78,TMEM65,Transmembrane protein 65,TRUE,Missingness
Q8IWE2,FAM114A1,Protein NOXP20,TRUE,Missingness
Q86UT6,NLRX1,NLR family member X1,TRUE,Missingness
Q15493,RGN,Regucalcin,TRUE,Missingness
Q8IVP5,FUNDC1,FUN14 domain-containing protein 1,TRUE,Missingness
Q9UDT6,CLIP2,CAP-Gly domain-containing linker protein 2,TRUE,Missingness
Q9Y2Q9,MRPS28,"28S ribosomal protein S28, mitochondrial",TRUE,Missingness
P05771,PRKCB,Protein kinase C beta type,FALSE,Not in HPA muscle
Q08J23,NSUN2,RNA cytosine C(5)-methyltransferase NSUN2,TRUE,Missingness
Q32MZ4,LRRFIP1,Leucine-rich repeat flightless-interacting protein 1,TRUE,Missingness
Q8WUX9,CHMP7,Charged multivesicular body protein 7,TRUE,Missingness
Q6ICL3,TANGO2,Transport and Golgi organization protein 2 homolog,TRUE,Missingness
P04430,IGKV1-16,Immunoglobulin kappa variable 1-16,FALSE,Not in HPA muscle
Q9Y2H1,STK38L,Serine/threonine-protein kinase 38-like,TRUE,Missingness
Q02413,DSG1,Desmoglein-1,TRUE,Missingness
Q9BXS5,AP1M1,AP-1 complex subunit mu-1,TRUE,Missingness
Q86YB7,ECHDC2,"Enoyl-CoA hydratase domain-containing protein 2, mitochondrial",TRUE,Missingness
P00326,ADH1C,Alcohol dehydrogenase 1C,TRUE,Missingness
Q7LG56,RRM2B,Ribonucleoside-diphosphate reductase subunit M2 B,TRUE,Missingness
Q53EU6,GPAT3,Glycerol-3-phosphate acyltransferase 3,TRUE,Missingness
P50552,VASP,Vasodilator-stimulated phosphoprotein,TRUE,Missingness
Q13636,RAB31,Ras-related protein Rab-31,TRUE,Missingness
Q92688,ANP32B,Acidic leucine-rich nuclear phosphoprotein 32 family member B,TRUE,Missingness
P82663,MRPS25,"28S ribosomal protein S25, mitochondrial",TRUE,Missingness
P42566,EPS15,Epidermal growth factor receptor substrate 15,TRUE,Missingness
Q92616,GCN1,eIF-2-alpha kinase activator GCN1,TRUE,Missingness
O00193,SMAP,Small acidic protein,FALSE,Not in HPA muscle
Q712K3,UBE2R2,Ubiquitin-conjugating enzyme E2 R2,TRUE,Missingness
Q9GZZ9,UBA5,Ubiquitin-like modifier-activating enzyme 5,TRUE,Missingness
Q15813,TBCE,Tubulin-specific chaperone E,TRUE,Missingness
O15427,SLC16A3,Monocarboxylate transporter 4,TRUE,Missingness
Q01085,TIAL1,Nucleolysin TIAR,TRUE,Missingness
Q86TI2,DPP9,Dipeptidyl peptidase 9,TRUE,Missingness
P26196,DDX6,Probable ATP-dependent RNA helicase DDX6,TRUE,Missingness
Q8TCJ2,STT3B,Dolichyl-diphosphooligosaccharide--protein glycosyltransferase subunit STT3B,TRUE,Missingness
Q9P0P0,RNF181,E3 ubiquitin-protein ligase RNF181,TRUE,Missingness
P19075,TSPAN8,Tetraspanin-8,TRUE,Missingness
Q16821,PPP1R3A,Protein phosphatase 1 regulatory subunit 3A,TRUE,Missingness
Q9HAB8,PPCS,Phosphopantothenate--cysteine ligase,TRUE,Missingness
Q13574,DGKZ,Diacylglycerol kinase zeta,TRUE,Missingness
Q05193,DNM1,Dynamin-1,TRUE,Missingness
P08253,MMP2,72 kDa type IV collagenase,TRUE,Missingness
Q9BY44,EIF2A,Eukaryotic translation initiation factor 2A,TRUE,Missingness
Q567U6,CCDC93,Coiled-coil domain-containing protein 93,TRUE,Missingness
Q12955,ANK3,Ankyrin-3,TRUE,Missingness
Q4G0N4,NADK2,"NAD kinase 2, mitochondrial",TRUE,Missingness
Q7L5D6,GET4,Golgi to ER traffic protein 4 homolog,TRUE,Missingness
O00142,TK2,"Thymidine kinase 2, mitochondrial",TRUE,Missingness
Q01814,ATP2B2,Plasma membrane calcium-transporting ATPase 2,TRUE,Missingness
Q9H2J4,PDCL3,Phosducin-like protein 3,TRUE,Missingness
Q9P0V9,SEPTIN10,Septin-10,TRUE,Missingness
Q16666,IFI16,Gamma-interferon-inducible protein 16,TRUE,Missingness
Q15629,TRAM1,Translocating chain-associated membrane protein 1,TRUE,Missingness
O95721,SNAP29,Synaptosomal-associated protein 29,TRUE,Missingness
Q14157,UBAP2L,Ubiquitin-associated protein 2-like,TRUE,Missingness
Q96MM6,HSPA12B,Heat shock 70 kDa protein 12B,TRUE,Missingness
Q14232,EIF2B1,Translation initiation factor eIF-2B subunit alpha,TRUE,Missingness
Q6UVK1,CSPG4,Chondroitin sulfate proteoglycan 4,TRUE,Missingness
P49914,MTHFS,5-formyltetrahydrofolate cyclo-ligase,TRUE,Missingness
Q16629,SRSF7,Serine/arginine-rich splicing factor 7,TRUE,Missingness
Q86VU5,COMTD1,Catechol O-methyltransferase domain-containing protein 1,TRUE,Missingness
P62256,UBE2H,Ubiquitin-conjugating enzyme E2 H,TRUE,Missingness
P41222,PTGDS,Prostaglandin-H2 D-isomerase,TRUE,Missingness
Q6P1X6,C8orf82,UPF0598 protein C8orf82,TRUE,Missingness
P23276,KEL,Kell blood group glycoprotein,FALSE,Not in HPA muscle
P14317,HCLS1,Hematopoietic lineage cell-specific protein,TRUE,Missingness
Q8TD19,NEK9,Serine/threonine-protein kinase Nek9,TRUE,Missingness
Q9UGI8,TES,Testin,TRUE,Missingness
O75477,ERLIN1,Erlin-1,TRUE,Missingness
Q9BVL4,SELENOO,"Protein adenylyltransferase SelO, mitochondrial",TRUE,Missingness
Q9ULT8,HECTD1,E3 ubiquitin-protein ligase HECTD1,TRUE,Missingness
Q9NZJ7,MTCH1,Mitochondrial carrier homolog 1,TRUE,Missingness
Q02127,DHODH,"Dihydroorotate dehydrogenase (quinone), mitochondrial",TRUE,Missingness
Q9ULC3,RAB23,Ras-related protein Rab-23,TRUE,Missingness
Q92575,UBXN4,UBX domain-containing protein 4,TRUE,Missingness
P05106,ITGB3,Integrin beta-3,TRUE,Missingness
P36404,ARL2,ADP-ribosylation factor-like protein 2,TRUE,Missingness
Q8NC56,LEMD2,LEM domain-containing protein 2,TRUE,Missingness
Q9BU89,DOHH,Deoxyhypusine hydroxylase,TRUE,Missingness
Q9H074,PAIP1,Polyadenylate-binding protein-interacting protein 1,TRUE,Missingness
Q8NCA5,FAM98A,Protein FAM98A,TRUE,Missingness
Q9GZN8,C20orf27,UPF0687 protein C20orf27,TRUE,Missingness
Q9NP81,SARS2,"Serine--tRNA ligase, mitochondrial",TRUE,Missingness
Q9BZE1,MRPL37,"39S ribosomal protein L37, mitochondrial",TRUE,Missingness
P33316,DUT,"Deoxyuridine 5'-triphosphate nucleotidohydrolase, mitochondrial",TRUE,Missingness
Q9BW91,NUDT9,"ADP-ribose pyrophosphatase, mitochondrial",TRUE,Missingness
A3KMH1,VWA8,von Willebrand factor A domain-containing protein 8,TRUE,Missingness
Q8N6M3,FITM2,Fat storage-inducing transmembrane protein 2,TRUE,Missingness
P35052,GPC1,Glypican-1,TRUE,Missingness
A0A0C4DH24,IGKV6-21,Immunoglobulin kappa variable 6-21,FALSE,Not in HPA muscle
P50897,PPT1,Palmitoyl-protein thioesterase 1,TRUE,Missingness
Q15111,PLCL1,Inactive phospholipase C-like protein 1,TRUE,Missingness
Q96B96,TMEM159,Promethin,FALSE,Not in HPA muscle
P61513,RPL37A,60S ribosomal protein L37a,TRUE,Missingness
P42574,CASP3,Caspase-3,TRUE,Missingness
P50440,GATM,"Glycine amidinotransferase, mitochondrial",TRUE,Missingness
Q9UGM6,WARS2,"Tryptophan--tRNA ligase, mitochondrial",TRUE,Missingness
Q9Y6I3,EPN1,Epsin-1,TRUE,Missingness
Q9BZV2,SLC19A3,Thiamine transporter 2,FALSE,Not in HPA muscle
Q9BTY7,HGH1,Protein HGH1 homolog,TRUE,Missingness
Q9Y2B9,PKIG,cAMP-dependent protein kinase inhibitor gamma,TRUE,Missingness
P57737,CORO7,Coronin-7,TRUE,Missingness
Q16644,MAPKAPK3,MAP kinase-activated protein kinase 3,TRUE,Missingness
Q9HA77,CARS2,"Probable cysteine--tRNA ligase, mitochondrial",TRUE,Missingness
Q96A57,TMEM230,Transmembrane protein 230,TRUE,Missingness
Q8WVI0,SMIM4,Small integral membrane protein 4,TRUE,Missingness
P36980,CFHR2,Complement factor H-related protein 2,FALSE,Not in HPA muscle
Q9UQ13,SHOC2,Leucine-rich repeat protein SHOC-2,TRUE,Missingness
Q9HCB6,SPON1,Spondin-1,FALSE,Not in HPA muscle
Q9H2G2,SLK,STE20-like serine/threonine-protein kinase,TRUE,Missingness
Q9BYD6,MRPL1,"39S ribosomal protein L1, mitochondrial",TRUE,Missingness
Q6YP21,KYAT3,Kynurenine--oxoglutarate transaminase 3,TRUE,Missingness
Q5SRE7,PHYHD1,Phytanoyl-CoA dioxygenase domain-containing protein 1,TRUE,Missingness
Q9BYD1,MRPL13,"39S ribosomal protein L13, mitochondrial",TRUE,Missingness
Q8N9N7,LRRC57,Leucine-rich repeat-containing protein 57,TRUE,Missingness
P01721,IGLV6-57,Immunoglobulin lambda variable 6-57,FALSE,Not in HPA muscle
Q9Y2S2,CRYL1,Lambda-crystallin homolog,TRUE,Missingness
A8MXV4,NUDT19,Nucleoside diphosphate-linked moiety X motif 19,TRUE,Missingness
Q96MW1,CCDC43,Coiled-coil domain-containing protein 43,TRUE,Missingness
P55145,MANF,Mesencephalic astrocyte-derived neurotrophic factor,TRUE,Missingness
Q9UQN3,CHMP2B,Charged multivesicular body protein 2b,TRUE,Missingness
Q9Y5R8,TRAPPC1,Trafficking protein particle complex subunit 1,TRUE,Missingness
P10109,FDX1,"Adrenodoxin, mitochondrial",TRUE,Missingness
Q15165,PON2,Serum paraoxonase/arylesterase 2,TRUE,Missingness
P20338,RAB4A,Ras-related protein Rab-4A,TRUE,Missingness
P49356,FNTB,Protein farnesyltransferase subunit beta,TRUE,Missingness
Q96EM0,L3HYPDH,Trans-3-hydroxy-L-proline dehydratase,TRUE,Missingness
O00203,AP3B1,AP-3 complex subunit beta-1,TRUE,Missingness
O95630,STAMBP,STAM-binding protein,TRUE,Missingness
Q7Z4G1,COMMD6,COMM domain-containing protein 6,TRUE,Missingness
Q9Y3D3,MRPS16,"28S ribosomal protein S16, mitochondrial",TRUE,Missingness
Q86U42,PABPN1,Polyadenylate-binding protein 2,TRUE,Missingness
Q14693,LPIN1,Phosphatidate phosphatase LPIN1,TRUE,Missingness
P62995,TRA2B,Transformer-2 protein homolog beta,TRUE,Missingness
Q9NZJ9,NUDT4,Diphosphoinositol polyphosphate phosphohydrolase 2,TRUE,Missingness
P34741,SDC2,Syndecan-2,TRUE,Missingness
Q96AP7,ESAM,Endothelial cell-selective adhesion molecule,TRUE,Missingness
P00813,ADA,Adenosine deaminase,TRUE,Missingness
P49746,THBS3,Thrombospondin-3,TRUE,Missingness
Q13033,STRN3,Striatin-3,TRUE,Missingness
Q7L592,NDUFAF7,"Protein arginine methyltransferase NDUFAF7, mitochondrial",TRUE,Missingness
Q9H9A6,LRRC40,Leucine-rich repeat-containing protein 40,TRUE,Missingness
Q9BT73,PSMG3,Proteasome assembly chaperone 3,TRUE,Missingness
P50402,EMD,Emerin,TRUE,Missingness
P01601,IGKV1D-16,Immunoglobulin kappa variable 1D-16,FALSE,Not in HPA muscle
Q5JSH3,WDR44,WD repeat-containing protein 44,TRUE,Missingness
P78318,IGBP1,Immunoglobulin-binding protein 1,TRUE,Missingness
P17252,PRKCA,Protein kinase C alpha type,TRUE,Missingness
Q9NVA1,UQCC1,Ubiquinol-cytochrome-c reductase complex assembly factor 1,TRUE,Missingness
O96033,MOCS2,Molybdopterin synthase sulfur carrier subunit,TRUE,Missingness
P51398,DAP3,"28S ribosomal protein S29, mitochondrial",TRUE,Missingness
Q9Y3B7,MRPL11,"39S ribosomal protein L11, mitochondrial",TRUE,Missingness
Q5R3I4,TTC38,Tetratricopeptide repeat protein 38,TRUE,Missingness
P78527,PRKDC,DNA-dependent protein kinase catalytic subunit,TRUE,Missingness
Q9Y5K8,ATP6V1D,V-type proton ATPase subunit D,TRUE,Missingness
O43251,RBFOX2,RNA binding protein fox-1 homolog 2,TRUE,Missingness
Q7L775,EPM2AIP1,EPM2A-interacting protein 1,TRUE,Missingness
Q9NUQ7,UFSP2,Ufm1-specific protease 2,TRUE,Missingness
Q68CZ2,TNS3,Tensin-3,TRUE,Missingness
P25686,DNAJB2,DnaJ homolog subfamily B member 2,TRUE,Missingness
A6NHX0,CASTOR2,Cytosolic arginine sensor for mTORC1 subunit 2,TRUE,Missingness
O94832,MYO1D,Unconventional myosin-Id,TRUE,Missingness
Q9Y2R9,MRPS7,"28S ribosomal protein S7, mitochondrial",TRUE,Missingness
P31146,CORO1A,Coronin-1A,TRUE,Missingness
Q9Y2S7,POLDIP2,Polymerase delta-interacting protein 2,TRUE,Missingness
P10398,ARAF,Serine/threonine-protein kinase A-Raf,TRUE,Missingness
P82933,MRPS9,"28S ribosomal protein S9, mitochondrial",TRUE,Missingness
Q5T4S7,UBR4,E3 ubiquitin-protein ligase UBR4,TRUE,Missingness
Q13445,TMED1,Transmembrane emp24 domain-containing protein 1,TRUE,Missingness
Q9HD33,MRPL47,"39S ribosomal protein L47, mitochondrial",TRUE,Missingness
P47895,ALDH1A3,Aldehyde dehydrogenase family 1 member A3,TRUE,Missingness
Q01813,PFKP,"ATP-dependent 6-phosphofructokinase, platelet type",TRUE,Missingness
P41252,IARS1,"Isoleucine--tRNA ligase, cytoplasmic",TRUE,Missingness
Q99417,MYCBP,c-Myc-binding protein,TRUE,Missingness
P48454,PPP3CC,Serine/threonine-protein phosphatase 2B catalytic subunit gamma isoform,TRUE,Missingness
Q93062,RBPMS,RNA-binding protein with multiple splicing,TRUE,Missingness
Q9Y4X5,ARIH1,E3 ubiquitin-protein ligase ARIH1,TRUE,Missingness
Q14444,CAPRIN1,Caprin-1,TRUE,Missingness
Q14CX7,NAA25,"N-alpha-acetyltransferase 25, NatB auxiliary subunit",TRUE,Missingness
Q8N126,CADM3,Cell adhesion molecule 3,TRUE,Missingness
Q9Y3S2,ZNF330,Zinc finger protein 330,TRUE,Missingness
Q8NB37,GATD1,Glutamine amidotransferase-like class 1 domain-containing protein 1,TRUE,Missingness
O15533,TAPBP,Tapasin,TRUE,Missingness
O15230,LAMA5,Laminin subunit alpha-5,TRUE,Missingness
Q9P0I2,EMC3,ER membrane protein complex subunit 3,TRUE,Missingness
Q8N163,CCAR2,Cell cycle and apoptosis regulator protein 2,TRUE,Missingness
Q9UPR0,PLCL2,Inactive phospholipase C-like protein 2,TRUE,Missingness
P34096,RNASE4,Ribonuclease 4,TRUE,Missingness
Q13435,SF3B2,Splicing factor 3B subunit 2,TRUE,Missingness
Q9Y676,MRPS18B,"28S ribosomal protein S18b, mitochondrial",TRUE,Missingness
Q8IYB8,SUPV3L1,"ATP-dependent RNA helicase SUPV3L1, mitochondrial",TRUE,Missingness
Q86VS8,HOOK3,Protein Hook homolog 3,TRUE,Missingness
P46379,BAG6,Large proline-rich protein BAG6,TRUE,Missingness
Q8IWB7,WDFY1,WD repeat and FYVE domain-containing protein 1,TRUE,Missingness
Q96C86,DCPS,m7GpppX diphosphatase,TRUE,Missingness
P13674,P4HA1,Prolyl 4-hydroxylase subunit alpha-1,TRUE,Missingness
Q6ZMJ2,SCARA5,Scavenger receptor class A member 5,TRUE,Missingness
Q8WU76,SCFD2,Sec1 family domain-containing protein 2,TRUE,Missingness
Q5TAQ9,DCAF8,DDB1- and CUL4-associated factor 8,TRUE,Missingness
P82979,SARNP,SAP domain-containing ribonucleoprotein,TRUE,Missingness
Q9H3P7,ACBD3,Golgi resident protein GCP60,TRUE,Missingness
Q9BUP0,EFHD1,EF-hand domain-containing protein D1,TRUE,Missingness
Q9Y5A7,NUB1,NEDD8 ultimate buster 1,TRUE,Missingness
Q5TEU4,NDUFAF5,"Arginine-hydroxylase NDUFAF5, mitochondrial",TRUE,Missingness
Q14318,FKBP8,Peptidyl-prolyl cis-trans isomerase FKBP8,TRUE,Missingness
Q04756,HGFAC,Hepatocyte growth factor activator,FALSE,Not in HPA muscle
P22413,ENPP1,Ectonucleotide pyrophosphatase/phosphodiesterase family member 1,TRUE,Missingness
P16333,NCK1,Cytoplasmic protein NCK1,TRUE,Missingness
P04278,SHBG,Sex hormone-binding globulin,FALSE,Not in HPA muscle
P84085,ARF5,ADP-ribosylation factor 5,TRUE,Missingness
Q9BV20,MRI1,Methylthioribose-1-phosphate isomerase,TRUE,Missingness
P07711,CTSL,Cathepsin L1,TRUE,Missingness
Q53HC9,EIPR1,EARP and GARP complex-interacting protein 1,TRUE,Missingness
Q9Y3E1,HDGFL3,Hepatoma-derived growth factor-related protein 3,TRUE,Missingness
O60669,SLC16A7,Monocarboxylate transporter 2,TRUE,Missingness
A0A0A0MS14,IGHV1-45,Immunoglobulin heavy variable 1-45,FALSE,Not in HPA muscle
Q96GC5,MRPL48,"39S ribosomal protein L48, mitochondrial",TRUE,Missingness
O75884,RBBP9,Serine hydrolase RBBP9,TRUE,Missingness
Q13685,AAMP,Angio-associated migratory cell protein,TRUE,Missingness
Q9H488,POFUT1,GDP-fucose protein O-fucosyltransferase 1,TRUE,Missingness
Q7Z2W9,MRPL21,"39S ribosomal protein L21, mitochondrial",TRUE,Missingness
A0A075B6S6,IGKV2D-30,Immunoglobulin kappa variable 2D-30,FALSE,Not in HPA muscle
P15289,ARSA,Arylsulfatase A,TRUE,Missingness
Q5VVQ6,YOD1,Ubiquitin thioesterase OTU1,TRUE,Missingness
Q6NW29,RWDD4,RWD domain-containing protein 4,TRUE,Missingness
Q5MNZ9,WIPI1,WD repeat domain phosphoinositide-interacting protein 1,TRUE,Missingness
P48740,MASP1,Mannan-binding lectin serine protease 1,TRUE,Missingness
O76076,CCN5,CCN family member 5,TRUE,Missingness
Q96EY7,PTCD3,"Pentatricopeptide repeat domain-containing protein 3, mitochondrial",TRUE,Missingness
Q07699,SCN1B,Sodium channel subunit beta-1,TRUE,Missingness
O14562,UBFD1,Ubiquitin domain-containing protein UBFD1,TRUE,Missingness
P49406,MRPL19,"39S ribosomal protein L19, mitochondrial",TRUE,Missingness
Q13620,CUL4B,Cullin-4B,TRUE,Missingness
O94788,ALDH1A2,Retinal dehydrogenase 2,TRUE,Missingness
Q9NS69,TOMM22,Mitochondrial import receptor subunit TOM22 homolog,TRUE,Missingness
O14657,TOR1B,Torsin-1B,TRUE,Missingness
A8MSI8,LYRM9,LYR motif-containing protein 9,TRUE,Missingness
P52594,AGFG1,Arf-GAP domain and FG repeat-containing protein 1,TRUE,Missingness
Q6P1L8,MRPL14,"39S ribosomal protein L14, mitochondrial",TRUE,Missingness
P50336,PPOX,Protoporphyrinogen oxidase,TRUE,Missingness
Q15382,RHEB,GTP-binding protein Rheb,TRUE,Missingness
Q66K74,MAP1S,Microtubule-associated protein 1S,TRUE,Missingness
Q9GZT4,SRR,Serine racemase,TRUE,Missingness
O94966,USP19,Ubiquitin carboxyl-terminal hydrolase 19,TRUE,Missingness
P57772,EEFSEC,Selenocysteine-specific elongation factor,TRUE,Missingness
Q9Y5Y2,NUBP2,Cytosolic Fe-S cluster assembly factor NUBP2,TRUE,Missingness
P30047,GCHFR,GTP cyclohydrolase 1 feedback regulatory protein,TRUE,Missingness
P24311,COX7B,"Cytochrome c oxidase subunit 7B, mitochondrial",TRUE,Missingness
Q9BSH5,HDHD3,Haloacid dehalogenase-like hydrolase domain-containing protein 3,TRUE,Missingness
Q15637,SF1,Splicing factor 1,TRUE,Missingness
Q9NVS2,MRPS18A,"39S ribosomal protein S18a, mitochondrial",TRUE,Missingness
Q16822,PCK2,"Phosphoenolpyruvate carboxykinase [GTP], mitochondrial",TRUE,Missingness
O75190,DNAJB6,DnaJ homolog subfamily B member 6,TRUE,Missingness
Q969Z0,TBRG4,FAST kinase domain-containing protein 4,TRUE,Missingness
Q96DV4,MRPL38,"39S ribosomal protein L38, mitochondrial",TRUE,Missingness
Q15599,SLC9A3R2,Na(+)/H(+) exchange regulatory cofactor NHE-RF2,TRUE,Missingness
Q9Y5S9,RBM8A,RNA-binding protein 8A,TRUE,Missingness
O95749,GGPS1,Geranylgeranyl pyrophosphate synthase,TRUE,Missingness
O14672,ADAM10,Disintegrin and metalloproteinase domain-containing protein 10,TRUE,Missingness
Q8WXX5,DNAJC9,DnaJ homolog subfamily C member 9,TRUE,Missingness
O00418,EEF2K,Eukaryotic elongation factor 2 kinase,TRUE,Missingness
P28330,ACADL,"Long-chain specific acyl-CoA dehydrogenase, mitochondrial",TRUE,Missingness
Q04695,KRT17,"Keratin, type I cytoskeletal 17",FALSE,Not in HPA muscle
O95487,SEC24B,Protein transport protein Sec24B,TRUE,Missingness
P10415,BCL2,Apoptosis regulator Bcl-2,TRUE,Missingness
Q05519,SRSF11,Serine/arginine-rich splicing factor 11,TRUE,Missingness
P22748,CA4,Carbonic anhydrase 4,TRUE,Missingness
Q9Y6X5,ENPP4,Bis(5'-adenosyl)-triphosphatase ENPP4,TRUE,Missingness
O95352,ATG7,Ubiquitin-like modifier-activating enzyme ATG7,TRUE,Missingness
Q13370,PDE3B,"cGMP-inhibited 3',5'-cyclic phosphodiesterase B",FALSE,Not in HPA muscle
P49903,SEPHS1,"Selenide, water dikinase 1",TRUE,Missingness
P25774,CTSS,Cathepsin S,TRUE,Missingness
Q86WR0,CCDC25,Coiled-coil domain-containing protein 25,TRUE,Missingness
P01112,HRAS,GTPase HRas,TRUE,Missingness
P56192,MARS1,"Methionine--tRNA ligase, cytoplasmic",TRUE,Missingness
Q9Y365,STARD10,START domain-containing protein 10,TRUE,Missingness
P61966,AP1S1,AP-1 complex subunit sigma-1A,TRUE,Missingness
Q6PGP7,TTC37,Tetratricopeptide repeat protein 37,FALSE,Not in HPA muscle
Q9UQ49,NEU3,Sialidase-3,TRUE,Missingness
Q8WUR7,C15orf40,UPF0235 protein C15orf40,TRUE,Missingness
Q8N1F7,NUP93,Nuclear pore complex protein Nup93,TRUE,Missingness
P27708,CAD,CAD protein,TRUE,Missingness
Q9NQG5,RPRD1B,Regulation of nuclear pre-mRNA domain-containing protein 1B,TRUE,Missingness
P35442,THBS2,Thrombospondin-2,TRUE,Missingness
Q9UHD1,CHORDC1,Cysteine and histidine-rich domain-containing protein 1,TRUE,Missingness
Q9HAV0,GNB4,Guanine nucleotide-binding protein subunit beta-4,TRUE,Missingness
Q15286,RAB35,Ras-related protein Rab-35,TRUE,Missingness
Q9Y4P1,ATG4B,Cysteine protease ATG4B,TRUE,Missingness
Q4U2R6,MRPL51,"39S ribosomal protein L51, mitochondrial",TRUE,Missingness
Q9GZY8,MFF,Mitochondrial fission factor,TRUE,Missingness
Q8N0U4,FAM185A,Protein FAM185A,TRUE,Missingness
Q9NZB2,FAM120A,Constitutive coactivator of PPAR-gamma-like protein 1,TRUE,Missingness
O75027,ABCB7,"ATP-binding cassette sub-family B member 7, mitochondrial",TRUE,Missingness
P07947,YES1,Tyrosine-protein kinase Yes,TRUE,Missingness
Q7L523,RRAGA,Ras-related GTP-binding protein A,TRUE,Missingness
O95671,ASMTL,Probable bifunctional dTTP/UTP pyrophosphatase/methyltransferase protein,TRUE,Missingness
Q32MK0,MYLK3,Myosin light chain kinase 3,TRUE,Missingness
Q9Y399,MRPS2,"28S ribosomal protein S2, mitochondrial",TRUE,Missingness
Q8TCZ2,CD99L2,CD99 antigen-like protein 2,TRUE,Missingness
O14548,COX7A2L,"Cytochrome c oxidase subunit 7A-related protein, mitochondrial",TRUE,Missingness
P35222,CTNNB1,Catenin beta-1,TRUE,Missingness
Q8N2F6,ARMC10,Armadillo repeat-containing protein 10,TRUE,Missingness
Q8WXF1,PSPC1,Paraspeckle component 1,TRUE,Missingness
Q7Z460,CLASP1,CLIP-associating protein 1,TRUE,Missingness
P00414,MT-CO3,Cytochrome c oxidase subunit 3,TRUE,Missingness
P15153,RAC2,Ras-related C3 botulinum toxin substrate 2,TRUE,Missingness
Q06210,GFPT1,Glutamine--fructose-6-phosphate aminotransferase [isomerizing] 1,TRUE,Missingness
P51608,MECP2,Methyl-CpG-binding protein 2,TRUE,Missingness
Q13232,NME3,Nucleoside diphosphate kinase 3,TRUE,Missingness
Q86Y56,DNAAF5,"Dynein assembly factor 5, axonemal",TRUE,Missingness
P51808,DYNLT3,Dynein light chain Tctex-type 3,TRUE,Missingness
P49590,HARS2,"Histidine--tRNA ligase, mitochondrial",TRUE,Missingness
Q92995,USP13,Ubiquitin carboxyl-terminal hydrolase 13,TRUE,Missingness
Q9BV57,ADI1,"1,2-dihydroxy-3-keto-5-methylthiopentene dioxygenase",TRUE,Missingness
A0A0U1RRL7,MMP24OS,Protein MMP24OS,TRUE,Missingness
O75764,TCEA3,Transcription elongation factor A protein 3,TRUE,Missingness
Q63HQ2,EGFLAM,Pikachurin,TRUE,Missingness
Q8TC12,RDH11,Retinol dehydrogenase 11,TRUE,Missingness
P07311,ACYP1,Acylphosphatase-1,TRUE,Missingness
O95425,SVIL,Supervillin,TRUE,Missingness
P53367,ARFIP1,Arfaptin-1,TRUE,Missingness
P17812,CTPS1,CTP synthase 1,TRUE,Missingness
P84022,SMAD3,Mothers against decapentaplegic homolog 3,TRUE,Missingness
P54108,CRISP3,Cysteine-rich secretory protein 3,FALSE,Not in HPA muscle
P36551,CPOX,"Oxygen-dependent coproporphyrinogen-III oxidase, mitochondrial",TRUE,Missingness
P04156,PRNP,Major prion protein,TRUE,Missingness
O43847,NRDC,Nardilysin,TRUE,Missingness
Q8N766,EMC1,ER membrane protein complex subunit 1,TRUE,Missingness
Q9NX55,HYPK,Huntingtin-interacting protein K,TRUE,Missingness
Q9P015,MRPL15,"39S ribosomal protein L15, mitochondrial",TRUE,Missingness
Q15006,EMC2,ER membrane protein complex subunit 2,TRUE,Missingness
Q9ULP9,TBC1D24,TBC1 domain family member 24,TRUE,Missingness
Q96RL7,VPS13A,Vacuolar protein sorting-associated protein 13A,TRUE,Missingness
Q9BQE5,APOL2,Apolipoprotein L2,TRUE,Missingness
O75170,PPP6R2,Serine/threonine-protein phosphatase 6 regulatory subunit 2,TRUE,Missingness
Q9UH62,ARMCX3,Armadillo repeat-containing X-linked protein 3,TRUE,Missingness
P52306,RAP1GDS1,Rap1 GTPase-GDP dissociation stimulator 1,TRUE,Missingness
O75116,ROCK2,Rho-associated protein kinase 2,TRUE,Missingness
P80188,LCN2,Neutrophil gelatinase-associated lipocalin,TRUE,Missingness
O60716,CTNND1,Catenin delta-1,TRUE,Missingness
P20290,BTF3,Transcription factor BTF3,TRUE,Missingness
A2RTX5,TARS3,"Threonine--tRNA ligase 2, cytoplasmic",TRUE,Missingness
Q9Y2E4,DIP2C,Disco-interacting protein 2 homolog C,TRUE,Missingness
P22694,PRKACB,cAMP-dependent protein kinase catalytic subunit beta,TRUE,Missingness
P52789,HK2,Hexokinase-2,TRUE,Missingness
Q9NYK5,MRPL39,"39S ribosomal protein L39, mitochondrial",TRUE,Missingness
Q9NX47,MARCHF5,E3 ubiquitin-protein ligase MARCHF5,TRUE,Missingness
Q9Y5J9,TIMM8B,Mitochondrial import inner membrane translocase subunit Tim8 B,TRUE,Missingness
Q9BUE6,ISCA1,"Iron-sulfur cluster assembly 1 homolog, mitochondrial",TRUE,Missingness
Q15126,PMVK,Phosphomevalonate kinase,TRUE,Missingness
P29762,CRABP1,Cellular retinoic acid-binding protein 1,FALSE,Not in HPA muscle
Q969Q5,RAB24,Ras-related protein Rab-24,TRUE,Missingness
Q96ND0,FAM210A,Protein FAM210A,TRUE,Missingness
Q92896,GLG1,Golgi apparatus protein 1,TRUE,Missingness
Q13501,SQSTM1,Sequestosome-1,TRUE,Missingness
Q9Y6G3,MRPL42,"39S ribosomal protein L42, mitochondrial",TRUE,Missingness
O60271,SPAG9,C-Jun-amino-terminal kinase-interacting protein 4,TRUE,Missingness
Q8TEB1,DCAF11,DDB1- and CUL4-associated factor 11,TRUE,Missingness
Q7Z3Z0,KRT25,"Keratin, type I cytoskeletal 25",FALSE,Not in HPA muscle
Q9BUH6,PAXX,Protein PAXX,TRUE,Missingness
P56945,BCAR1,Breast cancer anti-estrogen resistance protein 1,TRUE,Missingness
O95295,SNAPIN,SNARE-associated protein Snapin,TRUE,Missingness
Q9NPF4,OSGEP,Probable tRNA N6-adenosine threonylcarbamoyltransferase,TRUE,Missingness
O96005,CLPTM1,Cleft lip and palate transmembrane protein 1,TRUE,Missingness
Q8TCC3,MRPL30,"39S ribosomal protein L30, mitochondrial",TRUE,Missingness
Q99622,C12orf57,Protein C10,TRUE,Missingness
Q86TU7,SETD3,Actin-histidine N-methyltransferase,TRUE,Missingness
Q8IYQ7,THNSL1,Threonine synthase-like 1,TRUE,Missingness
Q8WUK0,PTPMT1,Phosphatidylglycerophosphatase and protein-tyrosine phosphatase 1,TRUE,Missingness
O15126,SCAMP1,Secretory carrier-associated membrane protein 1,TRUE,Missingness
P41219,PRPH,Peripherin,FALSE,Not in HPA muscle
P14209,CD99,CD99 antigen,TRUE,Missingness
P53609,PGGT1B,Geranylgeranyl transferase type-1 subunit beta,TRUE,Missingness
O15247,CLIC2,Chloride intracellular channel protein 2,TRUE,Missingness
Q9NQ88,TIGAR,"Fructose-2,6-bisphosphatase TIGAR",TRUE,Missingness
Q16186,ADRM1,Proteasomal ubiquitin receptor ADRM1,TRUE,Missingness
P52434,POLR2H,"DNA-directed RNA polymerases I, II, and III subunit RPABC3",TRUE,Missingness
Q5EBM0,CMPK2,"UMP-CMP kinase 2, mitochondrial",FALSE,Not in HPA muscle
Q96LW7,CARD19,Caspase recruitment domain-containing protein 19,TRUE,Missingness
P40855,PEX19,Peroxisomal biogenesis factor 19,TRUE,Missingness
Q7Z2W4,ZC3HAV1,Zinc finger CCCH-type antiviral protein 1,TRUE,Missingness
O95396,MOCS3,Adenylyltransferase and sulfurtransferase MOCS3,TRUE,Missingness
Q96B36,AKT1S1,Proline-rich AKT1 substrate 1,TRUE,Missingness
Q9UHD9,UBQLN2,Ubiquilin-2,TRUE,Missingness
Q9UI10,EIF2B4,Translation initiation factor eIF-2B subunit delta,TRUE,Missingness
Q15796,SMAD2,Mothers against decapentaplegic homolog 2,TRUE,Missingness
Q15477,SKIV2L,Helicase SKI2W,FALSE,Not in HPA muscle
Q16537,PPP2R5E,Serine/threonine-protein phosphatase 2A 56 kDa regulatory subunit epsilon isoform,TRUE,Missingness
Q9UL15,BAG5,BAG family molecular chaperone regulator 5,TRUE,Missingness
Q6PJW8,CNST,Consortin,TRUE,Missingness
P38919,EIF4A3,Eukaryotic initiation factor 4A-III,TRUE,Missingness
O96011,PEX11B,Peroxisomal membrane protein 11B,TRUE,Missingness
